run_id,M,N,noise,mode,p,p_channel,fidelity_init,fidelity_final,eps_L_init,eps_L_final,purity_init,purity_final,error_reduction_ratio,max_depth,twirling_enabled,bloch_r_init,bloch_r_final
M1_N2_dephase_z_iid_p_p0.01000_twirl,1,2,dephase_z,iid_p,0.01,0.01,0.9999999999999998,0.9974874371859292,1.5700924586837752e-16,0.0025125628140703,1.0,0.9949875003156484,16002642393280.553,1,True,1.0,0.9949748743718592
M1_N2_dephase_z_iid_p_p0.10000_twirl,1,2,dephase_z,iid_p,0.1,0.1,0.9999999999999996,0.9736842105263156,1.0007415106216804e-16,0.0263157894736841,0.9999999999999998,0.9487534626038778,262962904949713.7,1,True,1.0,0.9473684210526314
M1_N2_dephase_z_iid_p_p0.20000_twirl,1,2,dephase_z,iid_p,0.2,0.2,0.9999999999999996,0.9444444444444444,1.0007415106216804e-16,0.0555555555555553,0.9999999999999998,0.895061728395062,555143910449394.2,1,True,1.0,0.8888888888888891
M1_N2_dephase_z_iid_p_p0.30000_twirl,1,2,dephase_z,iid_p,0.3,0.3,0.9999999999999998,0.9117647058823528,1.5700924586837752e-16,0.0882352941176469,1.0,0.8391003460207612,561975147575802.9,1,True,1.0,0.8235294117647058
M1_N2_dephase_z_iid_p_p0.40000_twirl,1,2,dephase_z,iid_p,0.4,0.4,0.9999999999999998,0.8749999999999998,1.5700924586837752e-16,0.1249999999999998,1.0,0.7812499999999999,796131459065720.9,1,True,1.0,0.75
M1_N2_dephase_z_iid_p_p0.50000_twirl,1,2,dephase_z,iid_p,0.5,0.5,1.0,0.8333333333333331,2.482534153247273e-16,0.1666666666666665,1.0000000000000004,0.7222222222222221,671356994016209.8,1,True,1.0000000000000002,0.6666666666666666
M1_N2_dephase_z_iid_p_p0.60000_twirl,1,2,dephase_z,iid_p,0.6,0.6,0.9999999999999998,0.7857142857142856,1.5700924586837752e-16,0.2142857142857142,1.0,0.6632653061224489,1364796786969808.0,1,True,1.0,0.5714285714285714
M1_N2_dephase_z_iid_p_p0.70000_twirl,1,2,dephase_z,iid_p,0.7,0.7,1.0,0.7307692307692307,2.482534153247273e-16,0.269230769230769,1.0000000000000004,0.6065088757396451,1084499759564646.2,1,True,1.0000000000000002,0.4615384615384617
M1_N2_dephase_z_iid_p_p0.80000_twirl,1,2,dephase_z,iid_p,0.8,0.8,0.9999999999999996,0.6666666666666664,1.0007415106216804e-16,0.3333333333333332,0.9999999999999998,0.5555555555555554,3330863462696375.5,1,True,1.0,0.3333333333333333
M1_N2_dephase_z_iid_p_p0.90000_twirl,1,2,dephase_z,iid_p,0.9,0.9,0.9999999999999996,0.5909090909090908,1.0007415106216804e-16,0.4090909090909089,0.9999999999999998,0.5165289256198348,4087877886036461.0,1,True,1.0,0.1818181818181819
M1_N4_dephase_z_iid_p_p0.01000_twirl,1,4,dephase_z,iid_p,0.01,0.01,0.9999999999999998,0.9987373977102276,1.5700924586837752e-16,0.0012626022897719,1.0,0.99747798374954,8041579225406.783,2,True,1.0,0.997474795420456
M1_N4_dephase_z_iid_p_p0.10000_twirl,1,4,dephase_z,iid_p,0.1,0.1,0.9999999999999996,0.986140724946695,1.0007415106216804e-16,0.0138592750533047,0.9999999999999998,0.9726656089033968,138490058683536.56,2,True,1.0,0.9722814498933904
M1_N4_dephase_z_iid_p_p0.20000_twirl,1,4,dephase_z,iid_p,0.2,0.2,0.9999999999999996,0.9690553745928336,1.0007415106216804e-16,0.030944625407166,0.9999999999999998,0.9400258888688472,309216966406665.94,2,True,1.0,0.9381107491856676
M1_N4_dephase_z_iid_p_p0.30000_twirl,1,4,dephase_z,iid_p,0.3,0.3,0.9999999999999998,0.947789275634995,1.5700924586837752e-16,0.0522107243650046,1.0,0.9010304707474276,332532801340715.0,2,True,1.0,0.8955785512699905
M1_N4_dephase_z_iid_p_p0.40000_twirl,1,4,dephase_z,iid_p,0.4,0.4,0.9999999999999998,0.9210526315789472,1.5700924586837752e-16,0.0789473684210524,1.0,0.8545706371191139,502819868883612.56,2,True,1.0,0.8421052631578949
M1_N4_dephase_z_iid_p_p0.50000_twirl,1,4,dephase_z,iid_p,0.5,0.5,1.0,0.8870967741935483,2.482534153247273e-16,0.1129032258064514,1.0000000000000004,0.7996878251821021,454790221752915.75,2,True,1.0000000000000002,0.774193548387097
M1_N4_dephase_z_iid_p_p0.60000_twirl,1,4,dephase_z,iid_p,0.6,0.6,0.9999999999999998,0.8435582822085889,1.5700924586837752e-16,0.1564417177914109,1.0,0.736064586548233,996385384352190.8,2,True,1.0,0.6871165644171779
M1_N4_dephase_z_iid_p_p0.70000_twirl,1,4,dephase_z,iid_p,0.7,0.7,1.0,0.7872928176795579,2.482534153247273e-16,0.2127071823204418,1.0000000000000004,0.6650743261805195,856814727169858.8,2,True,1.0000000000000002,0.5745856353591161
M1_N4_dephase_z_iid_p_p0.80000_twirl,1,4,dephase_z,iid_p,0.8,0.8,0.9999999999999996,0.7142857142857142,1.0007415106216804e-16,0.2857142857142856,0.9999999999999998,0.5918367346938775,2855025825168322.0,2,True,1.0,0.4285714285714286
M1_N4_dephase_z_iid_p_p0.90000_twirl,1,4,dephase_z,iid_p,0.9,0.9,0.9999999999999996,0.6198910081743869,1.0007415106216804e-16,0.3801089918256128,0.9999999999999998,0.5287477076821421,3798273458142869.0,2,True,1.0,0.239782016348774
M1_N8_dephase_z_iid_p_p0.01000_twirl,1,8,dephase_z,iid_p,0.01,0.01,0.9999999999999998,0.9992026374566774,1.5700924586837752e-16,0.0007973625433222,1.0,0.998406546487406,5078443240156.297,3,True,1.0,0.9984052749133552
M1_N8_dephase_z_iid_p_p0.10000_twirl,1,8,dephase_z,iid_p,0.1,0.1,0.9999999999999996,0.99032909342907,1.0007415106216804e-16,0.0096709065709297,0.9999999999999998,0.9808452397259476,96637408044780.4,3,True,1.0,0.9806581868581404
M1_N8_dephase_z_iid_p_p0.20000_twirl,1,8,dephase_z,iid_p,0.2,0.2,0.9999999999999996,0.975559767359756,1.0007415106216804e-16,0.0244402326402436,0.9999999999999998,0.9523141846625308,244221233763561.4,3,True,1.0,0.9511195347195124
M1_N8_dephase_z_iid_p_p0.30000_twirl,1,8,dephase_z,iid_p,0.3,0.3,0.9999999999999998,0.9527765525275624,1.5700924586837752e-16,0.0472234474724373,1.0,0.9100132130374892,300768577106760.06,3,True,1.0,0.9055531050551252
M1_N8_dephase_z_iid_p_p0.40000_twirl,1,8,dephase_z,iid_p,0.4,0.4,0.9999999999999998,0.9176524670548574,1.5700924586837752e-16,0.0823475329451423,1.0,0.8488671664740177,524475692432630.1,3,True,1.0,0.8353049341097151
M1_N8_dephase_z_iid_p_p0.50000_twirl,1,8,dephase_z,iid_p,0.5,0.5,1.0,0.8644158628081455,2.482534153247273e-16,0.1355841371918541,1.0000000000000004,0.7655978421324103,546152152688427.75,3,True,1.0000000000000002,0.7288317256162915
M1_N8_dephase_z_iid_p_p0.60000_twirl,1,8,dephase_z,iid_p,0.6,0.6,0.9999999999999998,0.7869393105930134,1.5700924586837752e-16,0.2130606894069865,1.0,0.6646683359271877,1356994540217061.8,3,True,1.0,0.5738786211860267
M1_N8_dephase_z_iid_p_p0.70000_twirl,1,8,dephase_z,iid_p,0.7,0.7,1.0,0.6818621807520081,2.482534153247273e-16,0.3181378192479916,1.0000000000000004,0.5661477055757522,1281504300079224.5,3,True,1.0000000000000002,0.3637243615040165
M1_N8_dephase_z_iid_p_p0.80000_twirl,1,8,dephase_z,iid_p,0.8,0.8,0.9999999999999996,0.5529914529914529,1.0007415106216804e-16,0.4470085470085468,0.9999999999999998,0.5056161881802907,4466773310231295.0,3,True,1.0,0.105982905982906
M1_N8_dephase_z_iid_p_p0.90000_twirl,1,8,dephase_z,iid_p,0.9,0.9,0.9999999999999996,0.41282930341054,1.0007415106216804e-16,0.5871706965894599,0.9999999999999998,0.5151974606877834,5867356258907436.0,3,True,1.0,0.1743413931789198
M1_N16_dephase_z_iid_p_p0.01000_twirl,1,16,dephase_z,iid_p,0.01,0.01,0.9999999999999998,0.9996006826880393,1.5700924586837752e-16,0.0003993173119605,1.0,0.9992016842847098,2543272593611.019,4,True,1.0,0.9992013653760786
M1_N16_dephase_z_iid_p_p0.10000_twirl,1,16,dephase_z,iid_p,0.1,0.1,0.9999999999999996,0.9950705724965244,1.0007415106216804e-16,0.0049294275034752,0.9999999999999998,0.9901897435040736,49257749890008.96,4,True,1.0,0.9901411449930492
M1_N16_dephase_z_iid_p_p0.20000_twirl,1,16,dephase_z,iid_p,0.2,0.2,0.9999999999999996,0.98717544655033,1.0007415106216804e-16,0.0128245534496696,0.9999999999999998,0.9746798314430272,128150509532704.52,4,True,1.0,0.9743508931006604
M1_N16_dephase_z_iid_p_p0.30000_twirl,1,16,dephase_z,iid_p,0.3,0.3,0.9999999999999998,0.9741082935311354,1.5700924586837752e-16,0.0258917064688644,1.0,0.9495573479900108,164905616390067.22,4,True,1.0,0.948216587062271
M1_N16_dephase_z_iid_p_p0.40000_twirl,1,16,dephase_z,iid_p,0.4,0.4,0.9999999999999998,0.951792832528217,1.5700924586837752e-16,0.0482071674717828,1.0,0.9082335270477392,307033940613888.7,4,True,1.0,0.903585665056434
M1_N16_dephase_z_iid_p_p0.50000_twirl,1,16,dephase_z,iid_p,0.5,0.5,1.0,0.912795999306411,2.482534153247273e-16,0.0872040006935886,1.0000000000000004,0.8408010740867573,351270094631011.2,4,True,1.0000000000000002,0.8255919986128224
M1_N16_dephase_z_iid_p_p0.60000_twirl,1,16,dephase_z,iid_p,0.6,0.6,0.9999999999999998,0.8447405160538406,1.5700924586837752e-16,0.1552594839461592,1.0,0.7376920468181368,988855675902773.8,4,True,1.0,0.6894810321076814
M1_N16_dephase_z_iid_p_p0.70000_twirl,1,16,dephase_z,iid_p,0.7,0.7,1.0,0.7322414164443722,2.482534153247273e-16,0.2677585835556275,1.0000000000000004,0.6078721510241768,1078569586667665.8,4,True,1.0000000000000002,0.4644828328887448
M1_N16_dephase_z_iid_p_p0.80000_twirl,1,16,dephase_z,iid_p,0.8,0.8,0.9999999999999996,0.5703917152425135,1.0007415106216804e-16,0.4296082847574862,0.9999999999999998,0.5099099871495661,4292899616911115.0,4,True,1.0,0.1407834304850274
M1_N16_dephase_z_iid_p_p0.90000_twirl,1,16,dephase_z,iid_p,0.9,0.9,0.9999999999999996,0.3849381696430626,1.0007415106216804e-16,0.6150618303569372,0.9999999999999998,0.5264784496101772,6146060934105238.0,4,True,1.0,0.2301236607138745
M1_N32_dephase_z_iid_p_p0.01000_twirl,1,32,dephase_z,iid_p,0.01,0.01,0.9999999999999998,0.9997898321741638,1.5700924586837752e-16,0.0002101678258359,1.0,0.9995797526893578,1338569742651.4895,5,True,1.0,0.999579664348328
M1_N32_dephase_z_iid_p_p0.10000_twirl,1,32,dephase_z,iid_p,0.1,0.1,0.9999999999999996,0.9973372601124688,1.0007415106216804e-16,0.002662739887531,0.9999999999999998,0.994688700592355,26607669006123.984,5,True,1.0,0.9946745202249376
M1_N32_dephase_z_iid_p_p0.20000_twirl,1,32,dephase_z,iid_p,0.2,0.2,0.9999999999999996,0.9927967940406384,1.0007415106216804e-16,0.0072032059593611,0.9999999999999998,0.9856973604334632,71978686632938.98,5,True,1.0,0.9855935880812774
M1_N32_dephase_z_iid_p_p0.30000_twirl,1,32,dephase_z,iid_p,0.3,0.3,0.9999999999999998,0.9846144363798932,1.5700924586837752e-16,0.0153855636201064,1.0,0.9697023038956036,97991449707390.72,5,True,1.0,0.9692288727597868
M1_N32_dephase_z_iid_p_p0.40000_twirl,1,32,dephase_z,iid_p,0.4,0.4,0.9999999999999998,0.9688430962615844,1.5700924586837752e-16,0.0311569037384153,1.0,0.9396276978242988,198439929865878.75,5,True,1.0,0.9376861925231692
M1_N32_dephase_z_iid_p_p0.50000_twirl,1,32,dephase_z,iid_p,0.5,0.5,1.0,0.9361594778478608,2.482534153247273e-16,0.0638405221521389,1.0000000000000004,0.8804701802330374,257158686290911.7,5,True,1.0000000000000002,0.8723189556957218
M1_N32_dephase_z_iid_p_p0.60000_twirl,1,32,dephase_z,iid_p,0.6,0.6,0.9999999999999998,0.865129147371392,1.5700924586837752e-16,0.1348708526286078,1.0,0.7666385885203196,858999429509211.9,5,True,1.0,0.730258294742784
M1_N32_dephase_z_iid_p_p0.70000_twirl,1,32,dephase_z,iid_p,0.7,0.7,1.0,0.7191490589386211,2.482534153247273e-16,0.2808509410613787,1.0000000000000004,0.5960526200673666,1131307461345546.0,5,True,1.0000000000000002,0.4382981178772424
M1_N32_dephase_z_iid_p_p0.80000_twirl,1,32,dephase_z,iid_p,0.8,0.8,0.9999999999999996,0.4899635104376193,1.0007415106216804e-16,0.5100364895623803,0.9999999999999998,0.5002014622454715,5096585723175764.0,5,True,1.0,0.020072979124761
M1_N32_dephase_z_iid_p_p0.90000_twirl,1,32,dephase_z,iid_p,0.9,0.9,0.9999999999999996,0.2648462719382339,1.0007415106216804e-16,0.7351537280617659,0.9999999999999998,0.6105945516426939,7346090076797893.0,5,True,1.0,0.470307456123532
M1_N64_dephase_z_iid_p_p0.01000_twirl,1,64,dephase_z,iid_p,0.01,0.01,0.9999999999999998,0.9998948719119264,1.5700924586837752e-16,0.0001051280880735,1.0,0.9997897659276828,669566225173.98,6,True,1.0,0.9997897438238528
M1_N64_dephase_z_iid_p_p0.10000_twirl,1,64,dephase_z,iid_p,0.1,0.1,0.9999999999999996,0.9986615304581374,1.0007415106216804e-16,0.0013384695418622,0.9999999999999998,0.9973266439177042,13374777878762.588,6,True,1.0,0.9973230609162752
M1_N64_dephase_z_iid_p_p0.20000_twirl,1,64,dephase_z,iid_p,0.2,0.2,0.9999999999999996,0.9963463253363692,1.0007415106216804e-16,0.0036536746636306,0.9999999999999998,0.992719349349834,36509674325000.38,6,True,1.0,0.9926926506727384
M1_N64_dephase_z_iid_p_p0.30000_twirl,1,64,dephase_z,iid_p,0.3,0.3,0.9999999999999998,0.9920687105065988,1.5700924586837752e-16,0.0079312894934009,1.0,0.984263231719254,50514792613231.34,6,True,1.0,0.984137421013198
M1_N64_dephase_z_iid_p_p0.40000_twirl,1,64,dephase_z,iid_p,0.4,0.4,0.9999999999999998,0.9834361736404268,1.5700924586837752e-16,0.016563826359573,1.0,0.9674210679681938,105495865978865.16,6,True,1.0,0.9668723472808536
M1_N64_dephase_z_iid_p_p0.50000_twirl,1,64,dephase_z,iid_p,0.5,0.5,1.0,0.9638834291898312,2.482534153247273e-16,0.0361165708101683,1.0000000000000004,0.9303756717538348,145482674479729.5,6,True,1.0000000000000002,0.927766858379663
M1_N64_dephase_z_iid_p_p0.60000_twirl,1,64,dephase_z,iid_p,0.6,0.6,0.9999999999999998,0.9133603213968202,1.5700924586837752e-16,0.0866396786031796,1.0,0.8417335106105652,551812589914676.56,6,True,1.0,0.8267206427936405
M1_N64_dephase_z_iid_p_p0.70000_twirl,1,64,dephase_z,iid_p,0.7,0.7,1.0,0.7746138268666494,2.482534153247273e-16,0.2253861731333503,1.0000000000000004,0.6508255078126922,907887502125739.0,6,True,1.0000000000000002,0.5492276537332992
M1_N64_dephase_z_iid_p_p0.80000_twirl,1,64,dephase_z,iid_p,0.8,0.8,0.9999999999999996,0.4866198109854416,1.0007415106216804e-16,0.5133801890145581,0.9999999999999998,0.5003580589161305,5129997942182254.0,6,True,1.0,0.0267603780291164
M1_N64_dephase_z_iid_p_p0.90000_twirl,1,64,dephase_z,iid_p,0.9,0.9,0.9999999999999996,0.2079914025265692,1.0007415106216804e-16,0.7920085974734306,0.9999999999999998,0.6705380419968001,7914217498396957.0,6,True,1.0,0.5840171949468614
M1_N128_dephase_z_iid_p_p0.01000_twirl,1,128,dephase_z,iid_p,0.01,0.01,0.9999999999999998,0.9999467771476932,1.5700924586837752e-16,5.322285230657808e-05,1.0,0.9998935599607308,338979096499.80334,7,True,1.0,0.9998935542953866
M1_N128_dephase_z_iid_p_p0.10000_twirl,1,128,dephase_z,iid_p,0.1,0.1,0.9999999999999996,0.9993179202946372,1.0007415106216804e-16,0.0006820797053626,0.9999999999999998,0.9986367710547234,6815743107717.0205,7,True,1.0,0.9986358405892746
M1_N128_dephase_z_iid_p_p0.20000_twirl,1,128,dephase_z,iid_p,0.2,0.2,0.9999999999999996,0.9981186825385324,1.0007415106216804e-16,0.0018813174614673,0.9999999999999998,0.9962444437878468,18799234782402.41,7,True,1.0,0.9962373650770652
M1_N128_dephase_z_iid_p_p0.30000_twirl,1,128,dephase_z,iid_p,0.3,0.3,0.9999999999999998,0.995848301887492,1.5700924586837752e-16,0.0041516981125077,1.0,0.9917310769694192,26442379807289.305,7,True,1.0,0.9916966037749844
M1_N128_dephase_z_iid_p_p0.40000_twirl,1,128,dephase_z,iid_p,0.4,0.4,0.9999999999999998,0.9910746499919134,1.5700924586837752e-16,0.0089253500080861,1.0,0.9823086237293608,56846015396879.31,7,True,1.0,0.9821492999838274
M1_N128_dephase_z_iid_p_p0.50000_twirl,1,128,dephase_z,iid_p,0.5,0.5,1.0,0.9793923541522656,2.482534153247273e-16,0.0206076458477342,1.0000000000000004,0.9596340584393026,83010523020512.89,7,True,1.0000000000000002,0.9587847083045312
M1_N128_dephase_z_iid_p_p0.60000_twirl,1,128,dephase_z,iid_p,0.6,0.6,0.9999999999999998,0.943948443426268,1.5700924586837752e-16,0.0560515565737317,1.0,0.8941804408412126,356995260143599.44,7,True,1.0,0.8878968868525362
M1_N128_dephase_z_iid_p_p0.70000_twirl,1,128,dephase_z,iid_p,0.7,0.7,1.0,0.8105995646131428,2.482534153247273e-16,0.189400435386857,1.0000000000000004,0.6929441790757477,762931841800090.5,7,True,1.0000000000000002,0.6211991292262857
M1_N128_dephase_z_iid_p_p0.80000_twirl,1,128,dephase_z,iid_p,0.8,0.8,0.9999999999999996,0.4367161716910314,1.0007415106216804e-16,0.5632838283089685,0.9999999999999998,0.5080096858508781,5628664568526247.0,7,True,1.0,0.1265676566179372
M1_N128_dephase_z_iid_p_p0.90000_twirl,1,128,dephase_z,iid_p,0.9,0.9,0.9999999999999996,0.1322007635223596,1.0007415106216804e-16,0.8677992364776403,0.9999999999999998,0.7705525567070707,8671562309217555.0,7,True,1.0,0.7355984729552809
M1_N256_dephase_z_iid_p_p0.01000_twirl,1,256,dephase_z,iid_p,0.01,0.01,0.9999999999999998,0.999973385741099,1.5700924586837752e-16,2.661425890065905e-05,1.0,0.999946772898836,169507590164.27646,8,True,1.0,0.9999467714821983
M1_N256_dephase_z_iid_p_p0.10000_twirl,1,256,dephase_z,iid_p,0.1,0.1,0.9999999999999996,0.9996584947560396,1.0007415106216804e-16,0.0003415052439602,0.9999999999999998,0.9993172227637424,3412522018279.334,8,True,1.0,0.9993169895120791
M1_N256_dephase_z_iid_p_p0.20000_twirl,1,256,dephase_z,iid_p,0.2,0.2,0.9999999999999996,0.9990557985908368,1.0007415106216804e-16,0.0009442014091628,0.9999999999999998,0.9981133802142762,9435017925620.889,8,True,1.0,0.998111597181674
M1_N256_dephase_z_iid_p_p0.30000_twirl,1,256,dephase_z,iid_p,0.3,0.3,0.9999999999999998,0.9979068787157406,1.5700924586837752e-16,0.002093121284259,1.0,0.9958225197449028,13331197616309.662,8,True,1.0,0.9958137574314816
M1_N256_dephase_z_iid_p_p0.40000_twirl,1,256,dephase_z,iid_p,0.4,0.4,0.9999999999999998,0.9954573108480392,1.5700924586837752e-16,0.0045426891519603,1.0,0.9909558937455416,28932621941057.93,8,True,1.0,0.990914621696079
M1_N256_dephase_z_iid_p_p0.50000_twirl,1,256,dephase_z,iid_p,0.5,0.5,1.0,0.9892672201605482,2.482534153247273e-16,0.0107327798394514,1.0000000000000004,0.9787648254472612,43233160862711.56,8,True,1.0000000000000002,0.9785344403210968
M1_N256_dephase_z_iid_p_p0.60000_twirl,1,256,dephase_z,iid_p,0.6,0.6,0.9999999999999998,0.9687498971630272,1.5700924586837752e-16,0.0312501028369725,1.0,0.9394529321806974,199033519740422.4,8,True,1.0,0.9374997943260548
M1_N256_dephase_z_iid_p_p0.70000_twirl,1,256,dephase_z,iid_p,0.7,0.7,1.0,0.8669342066348728,2.482534153247273e-16,0.1330657933651269,1.0000000000000004,0.7692814239975272,536007906239962.56,8,True,1.0000000000000002,0.733868413269746
M1_N256_dephase_z_iid_p_p0.80000_twirl,1,256,dephase_z,iid_p,0.8,0.8,0.9999999999999996,0.4160697323064454,1.0007415106216804e-16,0.5839302676935545,0.9999999999999998,0.5140885796702236,5834975980268926.0,8,True,1.0,0.1678605353871091
M1_N256_dephase_z_iid_p_p0.90000_twirl,1,256,dephase_z,iid_p,0.9,0.9,0.9999999999999996,0.0845373410866886,1.0007415106216804e-16,0.9154626589133112,0.9999999999999998,0.845218441902637,9147843366111672.0,8,True,1.0,0.8309253178266226
M1_N512_dephase_z_iid_p_p0.01000_twirl,1,512,dephase_z,iid_p,0.01,0.01,0.9999999999999998,0.9999866516642244,1.5700924586837752e-16,1.3348335775320574e-05,1.0,0.9999733036848054,85016240295.24112,9,True,1.0,0.9999733033284492
M1_N512_dephase_z_iid_p_p0.10000_twirl,1,512,dephase_z,iid_p,0.1,0.1,0.9999999999999996,0.9998284370395764,1.0007415106216804e-16,0.0001715629604233,0.9999999999999998,0.9996569329468518,1714358389278.0876,9,True,1.0,0.9996568740791532
M1_N512_dephase_z_iid_p_p0.20000_twirl,1,512,dephase_z,iid_p,0.2,0.2,0.9999999999999996,0.9995244077425964,1.0007415106216804e-16,0.0004755922574033,0.9999999999999998,0.999049267861184,4752398619978.282,9,True,1.0,0.9990488154851932
M1_N512_dephase_z_iid_p_p0.30000_twirl,1,512,dephase_z,iid_p,0.3,0.3,0.9999999999999998,0.9989411673043732,1.5700924586837752e-16,0.0010588326956265,1.0,0.9978845768621012,6743760151005.353,9,True,1.0,0.9978823346087466
M1_N512_dephase_z_iid_p_p0.40000_twirl,1,512,dephase_z,iid_p,0.4,0.4,0.9999999999999998,0.9976836875507062,1.5700924586837752e-16,0.0023163124492933,1.0,0.9953781057081386,14752713679264.367,9,True,1.0,0.9953673751014128
M1_N512_dephase_z_iid_p_p0.50000_twirl,1,512,dephase_z,iid_p,0.5,0.5,1.0,0.99443038123863,2.482534153247273e-16,0.0055696187613696,1.0000000000000004,0.9889228037835543,22435215056696.42,9,True,1.0000000000000002,0.9888607624772604
M1_N512_dephase_z_iid_p_p0.60000_twirl,1,512,dephase_z,iid_p,0.6,0.6,0.9999999999999998,0.982939286280939,1.5700924586837752e-16,0.0170607137190607,1.0,0.9664607084670858,108660567246867.34,9,True,1.0,0.9658785725618784
M1_N512_dephase_z_iid_p_p0.70000_twirl,1,512,dephase_z,iid_p,0.7,0.7,1.0,0.910521608773743,2.482534153247273e-16,0.0894783912262567,1.0000000000000004,0.8370559825403645,360431662578396.8,9,True,1.0000000000000002,0.8210432175474863
M1_N512_dephase_z_iid_p_p0.80000_twirl,1,512,dephase_z,iid_p,0.8,0.8,0.9999999999999996,0.3702711920812133,1.0007415106216804e-16,0.6297288079187865,0.9999999999999998,0.5336591272080589,6292622033112092.0,9,True,1.0,0.2594576158375732
M1_N512_dephase_z_iid_p_p0.90000_twirl,1,512,dephase_z,iid_p,0.9,0.9,0.9999999999999996,0.0474422653766896,1.0007415106216804e-16,0.95255773462331,0.9999999999999998,0.9096170063347648,9518519263096846.0,9,True,1.0,0.9051154692466205
M1_N1024_dephase_z_iid_p_p0.01000_twirl,1,1024,dephase_z,iid_p,0.01,0.01,0.9999999999999998,0.9999933256539328,1.5700924586837752e-16,6.6743460668816645e-06,1.0,0.9999866513969596,42509254980.28848,10,True,1.0,0.999986651307866
M1_N1024_dephase_z_iid_p_p0.10000_twirl,1,1024,dephase_z,iid_p,0.1,0.1,0.9999999999999996,0.9999141890834145,1.0007415106216804e-16,8.581091658543816e-05,0.9999999999999998,0.9998283928938556,857473340264.7675,10,True,1.0,0.9998283781668288
M1_N1024_dephase_z_iid_p_p0.20000_twirl,1,1024,dephase_z,iid_p,0.2,0.2,0.9999999999999996,0.999761977629542,1.0007415106216804e-16,0.0002380223704579,0.9999999999999998,0.9995240685683816,2378460051188.2666,10,True,1.0,0.999523955259084
M1_N1024_dephase_z_iid_p_p0.30000_twirl,1,1024,dephase_z,iid_p,0.3,0.3,0.9999999999999998,0.999469461932596,1.5700924586837752e-16,0.0005305380674035,1.0,0.9989394868064746,3379024365535.1846,10,True,1.0,0.9989389238651928
M1_N1024_dephase_z_iid_p_p0.40000_twirl,1,1024,dephase_z,iid_p,0.4,0.4,0.9999999999999998,0.9988364722725908,1.5700924586837752e-16,0.0011635277274089,1.0,0.9976756521387268,7410568218283.997,10,True,1.0,0.997672944545182
M1_N1024_dephase_z_iid_p_p0.50000_twirl,1,1024,dephase_z,iid_p,0.5,0.5,1.0,0.997184084066077,2.482534153247273e-16,0.0028159159339227,1.0000000000000004,0.994384026897248,11342909140804.455,10,True,1.0000000000000002,0.9943681681321542
M1_N1024_dephase_z_iid_p_p0.60000_twirl,1,1024,dephase_z,iid_p,0.6,0.6,0.9999999999999998,0.9911761360921416,1.5700924586837752e-16,0.0088238639078583,1.0,0.982507993332812,56199645180484.914,10,True,1.0,0.9823522721842832
M1_N1024_dephase_z_iid_p_p0.70000_twirl,1,1024,dephase_z,iid_p,0.7,0.7,1.0,0.9469342389947802,2.482534153247273e-16,0.0530657610052195,1.0000000000000004,0.899500427971687,213756418761880.72,10,True,1.0000000000000002,0.8938684779895607
M1_N1024_dephase_z_iid_p_p0.80000_twirl,1,1024,dephase_z,iid_p,0.8,0.8,0.9999999999999996,0.3308244568596534,1.0007415106216804e-16,0.6691755431403464,0.9999999999999998,0.5572407287936625,6686797100328549.0,10,True,1.0,0.3383510862806931
M1_N1024_dephase_z_iid_p_p0.90000_twirl,1,1024,dephase_z,iid_p,0.9,0.9,0.9999999999999996,0.026022513287175,1.0007415106216804e-16,0.9739774867128248,0.9999999999999998,0.949309315821212,9732558071941782.0,10,True,1.0,0.9479549734256496
M2_N2_dephase_z_iid_p_p0.01000_twirl,2,2,dephase_z,iid_p,0.01,0.01,0.9999999999999996,0.9949497500126252,2.7194799110210365e-16,0.0050502499873742,1.0,0.9899377575626532,18570646419955.05,1,True,,
M2_N2_dephase_z_iid_p_p0.10000_twirl,2,2,dephase_z,iid_p,0.1,0.1,0.9999999999999992,0.9447513812154692,1.7981807342333123e-16,0.0552486187845301,0.9999999999999996,0.8940813772473366,307247306862546.5,1,True,,
M2_N2_dephase_z_iid_p_p0.20000_twirl,2,2,dephase_z,iid_p,0.2,0.2,0.9999999999999992,0.8780487804878045,1.7981807342333123e-16,0.1219512195121948,0.9999999999999996,0.7784057108863773,678192226123426.8,1,True,,
M2_N2_dephase_z_iid_p_p0.30000_twirl,2,2,dephase_z,iid_p,0.3,0.3,0.9999999999999996,0.798657718120805,2.7194799110210365e-16,0.2013422818791944,1.0,0.6581235079500923,740370543144037.6,1,True,,
M2_N2_dephase_z_iid_p_p0.40000_twirl,2,2,dephase_z,iid_p,0.4,0.4,0.9999999999999996,0.7058823529411762,2.7194799110210365e-16,0.2941176470588232,1.0,0.5415224913494809,1081521675769231.8,1,True,,
M2_N2_dephase_z_iid_p_p0.50000_twirl,2,2,dephase_z,iid_p,0.5,0.5,1.0,0.5999999999999999,4.710277376051325e-16,0.3999999999999998,1.0000000000000009,0.4400000000000001,849206889670102.6,1,True,,
M2_N2_dephase_z_iid_p_p0.60000_twirl,2,2,dephase_z,iid_p,0.6,0.6,0.9999999999999996,0.4827586206896549,2.7194799110210365e-16,0.5172413793103445,1.0,0.3668252080856123,1901986395318304.8,1,True,,
M2_N2_dephase_z_iid_p_p0.70000_twirl,2,2,dephase_z,iid_p,0.7,0.7,1.0,0.3577981651376146,4.710277376051325e-16,0.6422018348623851,1.0000000000000009,0.334231125326151,1363405556809798.2,1,True,,
M2_N2_dephase_z_iid_p_p0.80000_twirl,2,2,dephase_z,iid_p,0.8,0.8,0.9999999999999992,0.2307692307692306,1.7981807342333123e-16,0.7692307692307689,0.9999999999999996,0.3491124260355029,4277827887855471.0,1,True,,
M2_N2_dephase_z_iid_p_p0.90000_twirl,2,2,dephase_z,iid_p,0.9,0.9,0.9999999999999992,0.1089108910891089,1.7981807342333123e-16,0.891089108910891,0.9999999999999996,0.4088814822076267,4955503592862279.0,1,True,,
M2_N4_dephase_z_iid_p_p0.01000_twirl,2,4,dephase_z,iid_p,0.01,0.01,0.9999999999999996,0.997458902307677,2.7194799110210365e-16,0.0025410976923223,1.0,0.9949274822546684,9344057597279.096,2,True,,
M2_N4_dephase_z_iid_p_p0.10000_twirl,2,4,dephase_z,iid_p,0.1,0.1,0.9999999999999992,0.9704280281054594,1.7981807342333123e-16,0.0295719718945398,0.9999999999999996,0.9421561377818382,164454947890143.22,2,True,,
M2_N4_dephase_z_iid_p_p0.20000_twirl,2,4,dephase_z,iid_p,0.2,0.2,0.9999999999999992,0.9293360093661144,1.7981807342333123e-16,0.070663990633885,0.9999999999999996,0.866020940605494,392974906741028.5,2,True,,
M2_N4_dephase_z_iid_p_p0.30000_twirl,2,4,dephase_z,iid_p,0.3,0.3,0.9999999999999996,0.8724600673693357,2.7194799110210365e-16,0.1275399326306636,1.0,0.7685962821108335,468986485665115.4,2,True,,
M2_N4_dephase_z_iid_p_p0.40000_twirl,2,4,dephase_z,iid_p,0.4,0.4,0.9999999999999996,0.795173961840628,2.7194799110210365e-16,0.2048260381593713,1.0,0.6507001679092962,753180920106406.6,2,True,,
M2_N4_dephase_z_iid_p_p0.50000_twirl,2,4,dephase_z,iid_p,0.5,0.5,1.0,0.6944444444444443,4.710277376051325e-16,0.3055555555555553,1.0000000000000009,0.521604938271605,648699707386883.9,2,True,,
M2_N4_dephase_z_iid_p_p0.60000_twirl,2,4,dephase_z,iid_p,0.6,0.6,0.9999999999999996,0.5726402783819049,2.7194799110210365e-16,0.4273597216180945,1.0,0.4019143485990939,1571475927754293.0,2,True,,
M2_N4_dephase_z_iid_p_p0.70000_twirl,2,4,dephase_z,iid_p,0.7,0.7,1.0,0.4413954075195558,4.710277376051325e-16,0.5586045924804438,1.0000000000000009,0.3166396631623237,1185927171339382.8,2,True,,
M2_N4_dephase_z_iid_p_p0.80000_twirl,2,4,dephase_z,iid_p,0.8,0.8,0.9999999999999992,0.3201754385964911,1.7981807342333123e-16,0.6798245614035086,0.9999999999999996,0.2770852570021546,3780624207907357.0,2,True,,
M2_N4_dephase_z_iid_p_p0.90000_twirl,2,4,dephase_z,iid_p,0.9,0.9,0.9999999999999992,0.2266212079042582,1.7981807342333123e-16,0.7733787920957413,0.9999999999999996,0.2712250542210714,4300895774114084.0,2,True,,
M2_N8_dephase_z_iid_p_p0.01000_twirl,2,8,dephase_z,iid_p,0.01,0.01,0.9999999999999996,0.9983875572834464,2.7194799110210365e-16,0.0016124427165529,1.0,0.9967790125303512,5929231946219.932,3,True,,
M2_N8_dephase_z_iid_p_p0.10000_twirl,2,8,dephase_z,iid_p,0.1,0.1,0.9999999999999992,0.9784443256266004,1.7981807342333123e-16,0.0215556743733988,0.9999999999999996,0.9575812932431756,119874904468874.28,3,True,,
M2_N8_dephase_z_iid_p_p0.20000_twirl,2,8,dephase_z,iid_p,0.2,0.2,0.9999999999999992,0.939889330047098,1.7981807342333123e-16,0.0601106699529014,0.9999999999999996,0.8851160670040553,334286030366856.94,3,True,,
M2_N8_dephase_z_iid_p_p0.30000_twirl,2,8,dephase_z,iid_p,0.3,0.3,0.9999999999999996,0.8746302868221898,2.7194799110210365e-16,0.1253697131778094,1.0,0.7721878388121284,461006211775026.4,3,True,,
M2_N8_dephase_z_iid_p_p0.40000_twirl,2,8,dephase_z,iid_p,0.4,0.4,0.9999999999999996,0.7731496748852543,2.7194799110210365e-16,0.2268503251147449,1.0,0.6201557342573801,834168048807440.1,3,True,,
M2_N8_dephase_z_iid_p_p0.50000_twirl,2,8,dephase_z,iid_p,0.5,0.5,1.0,0.6345998383185123,4.710277376051325e-16,0.3654001616814873,1.0000000000000009,0.4571566931495802,775750836966221.5,3,True,,
M2_N8_dephase_z_iid_p_p0.60000_twirl,2,8,dephase_z,iid_p,0.6,0.6,0.9999999999999996,0.4765456023699776,2.7194799110210365e-16,0.5234543976300219,1.0,0.3310081779573839,1924832742866224.8,3,True,,
M2_N8_dephase_z_iid_p_p0.70000_twirl,2,8,dephase_z,iid_p,0.7,0.7,1.0,0.3303627423101443,4.710277376051325e-16,0.6696372576898553,1.0000000000000009,0.2679769270261581,1421651432025048.2,3,True,,
M2_N8_dephase_z_iid_p_p0.80000_twirl,2,8,dephase_z,iid_p,0.8,0.8,0.9999999999999992,0.2193091338439646,1.7981807342333123e-16,0.780690866156035,0.9999999999999996,0.2539486636262744,4341559506747229.5,3,True,,
M2_N8_dephase_z_iid_p_p0.90000_twirl,2,8,dephase_z,iid_p,0.9,0.9,0.9999999999999992,0.1457585284858,1.7981807342333123e-16,0.8542414715141997,0.9999999999999996,0.2646451398772204,4750587386747981.0,3,True,,
M2_N16_dephase_z_iid_p_p0.01000_twirl,2,16,dephase_z,iid_p,0.01,0.01,0.9999999999999996,0.999191534140636,2.7194799110210365e-16,0.0008084658593633,1.0,0.9983840484434237,2972869393471.022,4,True,,
M2_N16_dephase_z_iid_p_p0.10000_twirl,2,16,dephase_z,iid_p,0.1,0.1,0.9999999999999992,0.9888285599979568,1.7981807342333123e-16,0.0111714400020425,0.9999999999999996,0.97784365135973,62126346864714.37,4,True,,
M2_N16_dephase_z_iid_p_p0.20000_twirl,2,16,dephase_z,iid_p,0.2,0.2,0.9999999999999992,0.9669454088419644,1.7981807342333123e-16,0.0330545911580349,0.9999999999999996,0.9355134725554922,183822407440753.38,4,True,,
M2_N16_dephase_z_iid_p_p0.30000_twirl,2,16,dephase_z,iid_p,0.3,0.3,0.9999999999999996,0.9244775391788588,2.7194799110210365e-16,0.0755224608211407,1.0,0.8573355321798344,277709206510687.47,4,True,,
M2_N16_dephase_z_iid_p_p0.40000_twirl,2,16,dephase_z,iid_p,0.4,0.4,0.9999999999999996,0.8451114370638871,2.7194799110210365e-16,0.1548885629361122,1.0,0.72489705118328,569552149690117.9,4,True,,
M2_N16_dephase_z_iid_p_p0.50000_twirl,2,16,dephase_z,iid_p,0.5,0.5,1.0,0.7123935280863397,4.710277376051325e-16,0.2876064719136597,1.0000000000000009,0.5417088467976989,610593493656977.1,4,True,,
M2_N16_dephase_z_iid_p_p0.60000_twirl,2,16,dephase_z,iid_p,0.6,0.6,0.9999999999999996,0.5354193257937,2.7194799110210365e-16,0.4645806742062994,1.0,0.3683716859910863,1708343835611829.5,4,True,,
M2_N16_dephase_z_iid_p_p0.70000_twirl,2,16,dephase_z,iid_p,0.7,0.7,1.0,0.3634837682759351,4.710277376051325e-16,0.6365162317240647,1.0000000000000009,0.2735457373618063,1351334923417319.0,4,True,,
M2_N16_dephase_z_iid_p_p0.80000_twirl,2,16,dephase_z,iid_p,0.8,0.8,0.9999999999999992,0.2383041560253632,1.7981807342333123e-16,0.7616958439746364,0.9999999999999996,0.2506289615547988,4235924840443803.0,4,True,,
M2_N16_dephase_z_iid_p_p0.90000_twirl,2,16,dephase_z,iid_p,0.9,0.9,0.9999999999999992,0.1598913477434839,1.7981807342333123e-16,0.8401086522565155,0.9999999999999996,0.2645524537556828,4671992287887076.0,4,True,,
M2_N32_dephase_z_iid_p_p0.01000_twirl,2,32,dephase_z,iid_p,0.01,0.01,0.9999999999999996,0.9995739480789014,2.7194799110210365e-16,0.000426051921098,1.0,0.9991481683996516,1566666918080.3037,5,True,,
M2_N32_dephase_z_iid_p_p0.10000_twirl,2,32,dephase_z,iid_p,0.1,0.1,0.9999999999999992,0.9938704054717232,1.7981807342333123e-16,0.0061295945282761,0.9999999999999996,0.987797056754458,34087755538598.05,5,True,,
M2_N32_dephase_z_iid_p_p0.20000_twirl,2,32,dephase_z,iid_p,0.2,0.2,0.9999999999999992,0.9806411080851508,1.7981807342333123e-16,0.0193588919148487,0.9999999999999996,0.961840996513826,107658210024715.7,5,True,,
M2_N32_dephase_z_iid_p_p0.30000_twirl,2,32,dephase_z,iid_p,0.3,0.3,0.9999999999999996,0.951179690135635,2.7194799110210365e-16,0.0488203098643642,1.0,0.9058848278794052,179520759342673.62,5,True,,
M2_N32_dephase_z_iid_p_p0.40000_twirl,2,32,dephase_z,iid_p,0.4,0.4,0.9999999999999996,0.8849742543543692,2.7194799110210365e-16,0.1150257456456302,1.0,0.7892275178246919,422969646436709.7,5,True,,
M2_N32_dephase_z_iid_p_p0.50000_twirl,2,32,dephase_z,iid_p,0.5,0.5,1.0,0.7499162216531672,4.710277376051325e-16,0.2500837783468324,1.0000000000000009,0.588751809658191,530932168917152.5,5,True,,
M2_N32_dephase_z_iid_p_p0.60000_twirl,2,32,dephase_z,iid_p,0.6,0.6,0.9999999999999996,0.5451094327957797,2.7194799110210365e-16,0.4548905672042198,1.0,0.3754513799735617,1672711629016703.5,5,True,,
M2_N32_dephase_z_iid_p_p0.70000_twirl,2,32,dephase_z,iid_p,0.7,0.7,1.0,0.346091648465264,4.710277376051325e-16,0.6539083515347354,1.0000000000000009,0.266644254991503,1388258693340292.5,5,True,,
M2_N32_dephase_z_iid_p_p0.80000_twirl,2,32,dephase_z,iid_p,0.8,0.8,0.9999999999999992,0.2095792107016535,1.7981807342333123e-16,0.7904207892983461,0.9999999999999996,0.2526892077550979,4395669324281559.0,5,True,,
M2_N32_dephase_z_iid_p_p0.90000_twirl,2,32,dephase_z,iid_p,0.9,0.9,0.9999999999999992,0.125812620765429,1.7981807342333123e-16,0.8741873792345709,0.9999999999999996,0.2915083408947124,4861510095131216.0,5,True,,
M2_N64_dephase_z_iid_p_p0.01000_twirl,2,64,dephase_z,iid_p,0.01,0.01,0.9999999999999996,0.9997868153697732,2.7194799110210365e-16,0.0002131846302262,1.0,0.9995736989062364,783916915003.8856,6,True,,
M2_N64_dephase_z_iid_p_p0.10000_twirl,2,64,dephase_z,iid_p,0.1,0.1,0.9999999999999992,0.9969025071867076,1.7981807342333123e-16,0.0030974928132918,0.9999999999999996,0.9938193913748764,17225703480871.08,6,True,,
M2_N64_dephase_z_iid_p_p0.20000_twirl,2,64,dephase_z,iid_p,0.2,0.2,0.9999999999999992,0.9899971629344752,1.7981807342333123e-16,0.0100028370655241,0.9999999999999996,0.980143927929072,55627539963545.92,6,True,,
M2_N64_dephase_z_iid_p_p0.30000_twirl,2,64,dephase_z,iid_p,0.3,0.3,0.9999999999999996,0.9735596534499016,2.7194799110210365e-16,0.0264403465500978,1.0,0.9481594633728312,97225746889855.72,6,True,,
M2_N64_dephase_z_iid_p_p0.40000_twirl,2,64,dephase_z,iid_p,0.4,0.4,0.9999999999999996,0.9313932672484712,2.7194799110210365e-16,0.068606732751528,1.0,0.8697132305279952,252278873153247.2,6,True,,
M2_N64_dephase_z_iid_p_p0.50000_twirl,2,64,dephase_z,iid_p,0.5,0.5,1.0,0.8234407997679813,4.710277376051325e-16,0.176559200232018,1.0000000000000009,0.691734852787582,374838223179182.4,6,True,,
M2_N64_dephase_z_iid_p_p0.60000_twirl,2,64,dephase_z,iid_p,0.6,0.6,0.9999999999999996,0.6100551433639544,2.7194799110210365e-16,0.3899448566360451,1.0,0.4314100807098254,1433894970342469.8,6,True,,
M2_N64_dephase_z_iid_p_p0.70000_twirl,2,64,dephase_z,iid_p,0.7,0.7,1.0,0.3702554403940422,4.710277376051325e-16,0.6297445596059574,1.0000000000000009,0.2740724815224868,1336958546874109.8,6,True,,
M2_N64_dephase_z_iid_p_p0.80000_twirl,2,64,dephase_z,iid_p,0.8,0.8,0.9999999999999992,0.2068018295547996,1.7981807342333123e-16,0.7931981704452002,0.9999999999999996,0.253710078255393,4411114830364341.0,6,True,,
M2_N64_dephase_z_iid_p_p0.90000_twirl,2,64,dephase_z,iid_p,0.9,0.9,0.9999999999999992,0.1115613625387214,1.7981807342333123e-16,0.888438637461278,0.9999999999999996,0.3105494849493859,4940763853974224.0,6,True,,
M2_N128_dephase_z_iid_p_p0.01000_twirl,2,128,dephase_z,iid_p,0.01,0.01,0.9999999999999996,0.9998920367755892,2.7194799110210365e-16,0.0001079632244101,1.0,0.9997840910346372,396999529110.6853,7,True,,
M2_N128_dephase_z_iid_p_p0.10000_twirl,2,128,dephase_z,iid_p,0.1,0.1,0.9999999999999992,0.9984146932060138,1.7981807342333123e-16,0.0015853067939855,0.9999999999999996,0.9968331542286868,8816170498353.707,7,True,,
M2_N128_dephase_z_iid_p_p0.20000_twirl,2,128,dephase_z,iid_p,0.2,0.2,0.9999999999999992,0.994779527804322,1.7981807342333123e-16,0.0052204721956771,0.9999999999999996,0.9895998658440676,29031966010374.58,7,True,,
M2_N128_dephase_z_iid_p_p0.30000_twirl,2,128,dephase_z,iid_p,0.3,0.3,0.9999999999999996,0.9856677032745748,2.7194799110210365e-16,0.0143322967254246,1.0,0.9716421291834758,52702344545150.61,7,True,,
M2_N128_dephase_z_iid_p_p0.40000_twirl,2,128,dephase_z,iid_p,0.4,0.4,0.9999999999999996,0.959722687564165,2.7194799110210365e-16,0.0402773124358342,1.0,0.921849937444692,148106673899687.2,7,True,,
M2_N128_dephase_z_iid_p_p0.50000_twirl,2,128,dephase_z,iid_p,0.5,0.5,1.0,0.8783656016876134,4.710277376051325e-16,0.1216343983123859,1.0000000000000009,0.7782494540175203,258231922669389.2,7,True,,
M2_N128_dephase_z_iid_p_p0.60000_twirl,2,128,dephase_z,iid_p,0.6,0.6,0.9999999999999996,0.6653566468326315,2.7194799110210365e-16,0.334643353167368,1.0,0.4876156531488911,1230541736348863.8,7,True,,
M2_N128_dephase_z_iid_p_p0.70000_twirl,2,128,dephase_z,iid_p,0.7,0.7,1.0,0.3811127642887398,4.710277376051325e-16,0.6188872357112596,1.0000000000000009,0.2779716172142236,1313908261237216.8,7,True,,
M2_N128_dephase_z_iid_p_p0.80000_twirl,2,128,dephase_z,iid_p,0.8,0.8,0.9999999999999992,0.1890938365902897,1.7981807342333123e-16,0.8109061634097099,0.9999999999999996,0.2584434729367745,4509592100348327.0,7,True,,
M2_N128_dephase_z_iid_p_p0.90000_twirl,2,128,dephase_z,iid_p,0.9,0.9,0.9999999999999992,0.0851535449827409,1.7981807342333123e-16,0.9148464550172588,0.9999999999999996,0.3527202658432313,5087622381892110.0,7,True,,
M2_N256_dephase_z_iid_p_p0.01000_twirl,2,256,dephase_z,iid_p,0.01,0.01,0.9999999999999996,0.999946008189972,2.7194799110210365e-16,5.399181002740256e-05,1.0,0.9998920207525394,198537263719.4116,8,True,,
M2_N256_dephase_z_iid_p_p0.10000_twirl,2,256,dephase_z,iid_p,0.1,0.1,0.9999999999999992,0.999205150197988,1.7981807342333123e-16,0.0007948498020112,0.9999999999999996,0.9984112478249444,4420299844610.083,8,True,,
M2_N256_dephase_z_iid_p_p0.20000_twirl,2,256,dephase_z,iid_p,0.2,0.2,0.9999999999999992,0.9973660055058164,1.7981807342333123e-16,0.0026339944941829,0.9999999999999996,0.9947424088532016,14648107634775.72,8,True,,
M2_N256_dephase_z_iid_p_p0.30000_twirl,2,256,dephase_z,iid_p,0.3,0.3,0.9999999999999996,0.9926557645314332,2.7194799110210365e-16,0.007344235468566,1.0,0.98539224283309,27006029494105.133,8,True,,
M2_N256_dephase_z_iid_p_p0.40000_twirl,2,256,dephase_z,iid_p,0.4,0.4,0.9999999999999996,0.9784712309575764,2.7194799110210365e-16,0.0215287690424228,1.0,0.9576330489579078,79165023264833.8,8,True,,
M2_N256_dephase_z_iid_p_p0.50000_twirl,2,256,dephase_z,iid_p,0.5,0.5,1.0,0.926742542390861,4.710277376051325e-16,0.0732574576091383,1.0000000000000009,0.8613738595329415,155526844303489.6,8,True,,
M2_N256_dephase_z_iid_p_p0.60000_twirl,2,256,dephase_z,iid_p,0.6,0.6,0.9999999999999996,0.741320086335025,2.7194799110210365e-16,0.2586799136649744,1.0,0.5775314911719835,951210974630264.2,8,True,,
M2_N256_dephase_z_iid_p_p0.70000_twirl,2,256,dephase_z,iid_p,0.7,0.7,1.0,0.4109822529133778,4.710277376051325e-16,0.5890177470866216,1.0000000000000009,0.2906993361436849,1250494822409803.2,8,True,,
M2_N256_dephase_z_iid_p_p0.80000_twirl,2,256,dephase_z,iid_p,0.8,0.8,0.9999999999999992,0.1789522587979905,1.7981807342333123e-16,0.821047741202009,0.9999999999999996,0.2622046760488353,4565991201947105.0,8,True,,
M2_N256_dephase_z_iid_p_p0.90000_twirl,2,256,dephase_z,iid_p,0.9,0.9,0.9999999999999992,0.0653364082912646,1.7981807342333123e-16,0.9346635917087353,0.9999999999999996,0.3992058891690154,5197828971887224.0,8,True,,
M2_N512_dephase_z_iid_p_p0.01000_twirl,2,512,dephase_z,iid_p,0.01,0.01,0.9999999999999996,0.9999729182995652,2.7194799110210365e-16,2.708170043423664e-05,1.0,0.9999458376992488,99584116523.47427,9,True,,
M2_N512_dephase_z_iid_p_p0.10000_twirl,2,512,dephase_z,iid_p,0.1,0.1,0.9999999999999992,0.9996002460931046,1.7981807342333123e-16,0.0003997539068947,0.9999999999999996,0.9992007318590964,2223101934551.794,9,True,,
M2_N512_dephase_z_iid_p_p0.20000_twirl,2,512,dephase_z,iid_p,0.2,0.2,0.9999999999999992,0.998668453598772,1.7981807342333123e-16,0.0013315464012273,0.9999999999999996,0.9973395655467224,7404964227887.346,9,True,,
M2_N512_dephase_z_iid_p_p0.30000_twirl,2,512,dephase_z,iid_p,0.3,0.3,0.9999999999999996,0.9962465337671244,2.7194799110210365e-16,0.0037534662328747,1.0,0.992514174220026,13802147306414.59,9,True,,
M2_N512_dephase_z_iid_p_p0.40000_twirl,2,512,dephase_z,iid_p,0.4,0.4,0.9999999999999996,0.988683001102006,2.7194799110210365e-16,0.0113169988979933,1.0,0.9775574174757956,41614570683643.34,9,True,,
M2_N512_dephase_z_iid_p_p0.50000_twirl,2,512,dephase_z,iid_p,0.5,0.5,1.0,0.9579944869138082,4.710277376051325e-16,0.0420055130861911,1.0000000000000009,0.9186030521836576,89178427792303.1,9,True,,
M2_N512_dephase_z_iid_p_p0.60000_twirl,2,512,dephase_z,iid_p,0.6,0.6,0.9999999999999996,0.8111910895696399,2.7194799110210365e-16,0.1888089104303594,1.0,0.6735546832001611,694283159309938.0,9,True,,
M2_N512_dephase_z_iid_p_p0.70000_twirl,2,512,dephase_z,iid_p,0.7,0.7,1.0,0.4411805284833084,4.710277376051325e-16,0.5588194715166909,1.0000000000000009,0.305860600165986,1186383363234449.5,9,True,,
M2_N512_dephase_z_iid_p_p0.80000_twirl,2,512,dephase_z,iid_p,0.8,0.8,0.9999999999999992,0.1630199153292876,1.7981807342333123e-16,0.8369800846707123,0.9999999999999996,0.269560772985069,4654593772119210.0,9,True,,
M2_N512_dephase_z_iid_p_p0.90000_twirl,2,512,dephase_z,iid_p,0.9,0.9,0.9999999999999992,0.0443366145314272,1.7981807342333123e-16,0.955663385468573,0.9999999999999996,0.4709748489034609,5314612526287786.0,9,True,,
M2_N1024_dephase_z_iid_p_p0.01000_twirl,2,1024,dephase_z,iid_p,0.01,0.01,0.9999999999999996,0.9999864585080552,2.7194799110210365e-16,1.354149194400522e-05,1.0,0.9999729172911684,49794418002.96671,10,True,,
M2_N1024_dephase_z_iid_p_p0.10000_twirl,2,1024,dephase_z,iid_p,0.1,0.1,0.9999999999999992,0.9997999832593002,1.7981807342333123e-16,0.000200016740699,0.9999999999999996,0.9996000265246484,1112328348820.7178,10,True,,
M2_N1024_dephase_z_iid_p_p0.20000_twirl,2,1024,dephase_z,iid_p,0.2,0.2,0.9999999999999992,0.9993326768824486,1.7981807342333123e-16,0.0006673231175507,0.9999999999999996,0.9986660215968964,3711101475209.805,10,True,,
M2_N1024_dephase_z_iid_p_p0.30000_twirl,2,1024,dephase_z,iid_p,0.3,0.3,0.9999999999999996,0.9981109714630584,2.7194799110210365e-16,0.0018890285369408,1.0,0.9962272922224088,6946286050083.817,10,True,,
M2_N1024_dephase_z_iid_p_p0.40000_twirl,2,1024,dephase_z,iid_p,0.4,0.4,0.9999999999999996,0.9942302473171089,2.7194799110210365e-16,0.0057697526828905,1.0,0.9885103356488308,21216382807270.93,10,True,,
M2_N1024_dephase_z_iid_p_p0.50000_twirl,2,1024,dephase_z,iid_p,0.5,0.5,1.0,0.977485516520622,4.710277376051325e-16,0.0225144834793772,1.0000000000000009,0.955726088943438,47798636220127.125,10,True,,
M2_N1024_dephase_z_iid_p_p0.60000_twirl,2,1024,dephase_z,iid_p,0.6,0.6,0.9999999999999996,0.875861174710681,2.7194799110210365e-16,0.1241388252893182,1.0,0.7741222232202516,456480023206753.3,10,True,,
M2_N1024_dephase_z_iid_p_p0.70000_twirl,2,1024,dephase_z,iid_p,0.7,0.7,1.0,0.4845673628688878,4.710277376051325e-16,0.5154326371311115,1.0000000000000009,0.3315187123448079,1094272366531425.2,10,True,,
M2_N1024_dephase_z_iid_p_p0.80000_twirl,2,1024,dephase_z,iid_p,0.8,0.8,0.9999999999999992,0.1484001550327564,1.7981807342333123e-16,0.8515998449672433,0.9999999999999996,0.2783937814060138,4735896835922551.0,10,True,,
M2_N1024_dephase_z_iid_p_p0.90000_twirl,2,1024,dephase_z,iid_p,0.9,0.9,0.9999999999999992,0.02779241007265,1.7981807342333123e-16,0.9722075899273496,0.9999999999999996,0.5570729030218893,5406617763268765.0,10,True,,
M3_N2_dephase_z_iid_p_p0.01000_twirl,3,2,dephase_z,iid_p,0.01,0.01,0.9999999999999996,0.9924123191454692,2.9373740229761033e-16,0.00758768085453,1.0,0.9849012750789043,25831510713921.164,1,True,,
M3_N2_dephase_z_iid_p_p0.10000_twirl,3,2,dephase_z,iid_p,0.1,0.1,0.9999999999999992,0.9161364950838632,1.9336239697862752e-16,0.0838635049161362,0.9999999999999992,0.8415054854737058,433711550055959.3,1,True,,
M3_N2_dephase_z_iid_p_p0.20000_twirl,3,2,dephase_z,iid_p,0.2,0.2,0.9999999999999992,0.8148148148148144,1.9336239697862752e-16,0.1851851851851849,0.9999999999999992,0.6740712746003752,957710434287042.8,1,True,,
M3_N2_dephase_z_iid_p_p0.30000_twirl,3,2,dephase_z,iid_p,0.3,0.3,0.9999999999999996,0.6984363365599402,2.9373740229761033e-16,0.3015636634400593,1.0,0.5136359679738132,1026643733760944.4,1,True,,
M3_N2_dephase_z_iid_p_p0.40000_twirl,3,2,dephase_z,iid_p,0.4,0.4,0.9999999999999996,0.5723684210526314,2.9373740229761033e-16,0.4276315789473682,1.0,0.3784626038781163,1455829511674166.5,1,True,,
M3_N2_dephase_z_iid_p_p0.50000_twirl,3,2,dephase_z,iid_p,0.5,0.5,1.0000000000000002,0.4444444444444443,5.87474804595221e-16,0.5555555555555554,1.000000000000001,0.2839506172839507,945667033224244.6,1,True,,
M3_N2_dephase_z_iid_p_p0.60000_twirl,3,2,dephase_z,iid_p,0.6,0.6,0.9999999999999996,0.3233082706766915,2.9373740229761033e-16,0.6766917293233081,1.0,0.238085816043869,2303730216275604.5,1,True,,
M3_N2_dephase_z_iid_p_p0.70000_twirl,3,2,dephase_z,iid_p,0.7,0.7,1.0000000000000002,0.2161635832521908,5.87474804595221e-16,0.7838364167478089,1.000000000000001,0.240686470173855,1334246865766242.0,1,True,,
M3_N2_dephase_z_iid_p_p0.80000_twirl,3,2,dephase_z,iid_p,0.8,0.8,0.9999999999999992,0.126984126984127,1.9336239697862752e-16,0.8730158730158727,0.9999999999999992,0.2869740488788108,4514920618781778.0,1,True,,
M3_N2_dephase_z_iid_p_p0.90000_twirl,3,2,dephase_z,iid_p,0.9,0.9,0.9999999999999992,0.0559440559440559,1.9336239697862752e-16,0.944055944055944,0.9999999999999992,0.3729646976400224,4882314032134652.0,1,True,,
M3_N4_dephase_z_iid_p_p0.01000_twirl,3,4,dephase_z,iid_p,0.01,0.01,0.9999999999999996,0.9961614000671202,2.9373740229761033e-16,0.0038385999328792,1.0,0.9923424300362236,13068134676938.65,2,True,,
M3_N4_dephase_z_iid_p_p0.10000_twirl,3,4,dephase_z,iid_p,0.1,0.1,0.9999999999999992,0.9526027997453976,1.9336239697862752e-16,0.0473972002546014,0.9999999999999992,0.9081729459196396,245121083495051.6,2,True,,
M3_N4_dephase_z_iid_p_p0.20000_twirl,3,4,dephase_z,iid_p,0.2,0.2,0.9999999999999992,0.8806428147392535,1.9336239697862752e-16,0.1193571852607459,0.9999999999999992,0.7798868012272635,617271957349280.1,2,True,,
M3_N4_dephase_z_iid_p_p0.30000_twirl,3,4,dephase_z,iid_p,0.3,0.3,0.9999999999999996,0.7780549788503432,2.9373740229761033e-16,0.2219450211496561,1.0,0.6195684435035236,755589922882155.6,2,True,,
M3_N4_dephase_z_iid_p_p0.40000_twirl,3,4,dephase_z,iid_p,0.4,0.4,0.9999999999999996,0.6444046721929161,2.9373740229761033e-16,0.3555953278070833,1.0,0.4493863789763497,1210589203232619.0,2,True,,
M3_N4_dephase_z_iid_p_p0.50000_twirl,3,4,dephase_z,iid_p,0.5,0.5,1.0000000000000002,0.4903846153846152,5.87474804595221e-16,0.5096153846153845,1.000000000000001,0.3062130177514793,867467643938393.8,2,True,,
M3_N4_dephase_z_iid_p_p0.60000_twirl,3,4,dephase_z,iid_p,0.6,0.6,0.9999999999999996,0.337343896258076,2.9373740229761033e-16,0.6626561037419236,1.0,0.219627665653792,2255947314024825.0,2,True,,
M3_N4_dephase_z_iid_p_p0.70000_twirl,3,4,dephase_z,iid_p,0.7,0.7,1.0000000000000002,0.2068359177984208,5.87474804595221e-16,0.7931640822015791,1.000000000000001,0.1915554045553229,1350124424056077.2,2,True,,
M3_N4_dephase_z_iid_p_p0.80000_twirl,3,4,dephase_z,iid_p,0.8,0.8,0.9999999999999992,0.1092404072043852,1.9336239697862752e-16,0.8907595927956143,0.9999999999999992,0.2033739204981331,4606684684892848.0,2,True,,
M3_N4_dephase_z_iid_p_p0.90000_twirl,3,4,dephase_z,iid_p,0.9,0.9,0.9999999999999992,0.0427320543834756,1.9336239697862752e-16,0.9572679456165244,0.9999999999999992,0.2358941172772303,4950641699597528.0,2,True,,
M3_N8_dephase_z_iid_p_p0.01000_twirl,3,8,dephase_z,iid_p,0.01,0.01,0.9999999999999996,0.9975558040734696,2.9373740229761033e-16,0.0024441959265295,1.0,0.9951195654563476,8321023837655.902,3,True,,
M3_N8_dephase_z_iid_p_p0.10000_twirl,3,8,dephase_z,iid_p,0.1,0.1,0.9999999999999992,0.9643375452651538,1.9336239697862752e-16,0.0356624547348455,0.9999999999999992,0.930349953974256,184433247063995.3,3,True,,
M3_N8_dephase_z_iid_p_p0.20000_twirl,3,8,dephase_z,iid_p,0.2,0.2,0.9999999999999992,0.8930488964779535,1.9336239697862752e-16,0.1069511035220458,0.9999999999999992,0.8009042465168863,553112214128516.8,3,True,,
M3_N8_dephase_z_iid_p_p0.30000_twirl,3,8,dephase_z,iid_p,0.3,0.3,0.9999999999999996,0.7709262077052652,2.9373740229761033e-16,0.2290737922947342,1.0,0.6083206426192022,779859120775637.9,3,True,,
M3_N8_dephase_z_iid_p_p0.40000_twirl,3,8,dephase_z,iid_p,0.4,0.4,0.9999999999999996,0.6007055818994393,2.9373740229761033e-16,0.3992944181005599,1.0,0.3983715801442975,1359358443893368.5,3,True,,
M3_N8_dephase_z_iid_p_p0.50000_twirl,3,8,dephase_z,iid_p,0.5,0.5,1.0000000000000002,0.4159825932153098,5.87474804595221e-16,0.5840174067846895,1.000000000000001,0.2424153022995535,994114815165710.0,3,True,,
M3_N8_dephase_z_iid_p_p0.60000_twirl,3,8,dephase_z,iid_p,0.6,0.6,0.9999999999999996,0.2593542244748737,2.9373740229761033e-16,0.7406457755251261,1.0,0.1632144450860659,2521455455559299.0,3,True,,
M3_N8_dephase_z_iid_p_p0.70000_twirl,3,8,dephase_z,iid_p,0.7,0.7,1.0000000000000002,0.1494040926063342,5.87474804595221e-16,0.8505959073936653,1.000000000000001,0.1343646177166998,1447884914791773.8,3,True,,
M3_N8_dephase_z_iid_p_p0.80000_twirl,3,8,dephase_z,iid_p,0.8,0.8,0.9999999999999992,0.0804324086139436,1.9336239697862752e-16,0.919567591386056,0.9999999999999992,0.1311181493931376,4755669177434207.0,3,True,,
M3_N8_dephase_z_iid_p_p0.90000_twirl,3,8,dephase_z,iid_p,0.9,0.9,0.9999999999999992,0.0400664740473367,1.9336239697862752e-16,0.9599335259526628,0.9999999999999992,0.1427696656461518,4964427111744820.0,3,True,,
M3_N16_dephase_z_iid_p_p0.01000_twirl,3,16,dephase_z,iid_p,0.01,0.01,0.9999999999999996,0.9987727055575728,2.9373740229761033e-16,0.0012272944424264,1.0,0.9975474183876558,4178202819343.2974,4,True,,
M3_N16_dephase_z_iid_p_p0.10000_twirl,3,16,dephase_z,iid_p,0.1,0.1,0.9999999999999992,0.9811252416557128,1.9336239697862752e-16,0.0188747583442864,0.9999999999999992,0.9627220362674024,97613386259235.77,4,True,,
M3_N16_dephase_z_iid_p_p0.20000_twirl,3,16,dephase_z,iid_p,0.2,0.2,0.9999999999999992,0.9376319702326866,1.9336239697862752e-16,0.0623680297673127,0.9999999999999992,0.8803454861221911,322544769520034.0,4,True,,
M3_N16_dephase_z_iid_p_p0.30000_twirl,3,16,dephase_z,iid_p,0.3,0.3,0.9999999999999996,0.8461491517750196,2.9373740229761033e-16,0.1538508482249798,1.0,0.7225858453450715,523770030719821.25,4,True,,
M3_N16_dephase_z_iid_p_p0.40000_twirl,3,16,dephase_z,iid_p,0.4,0.4,0.9999999999999996,0.6854158536355567,2.9373740229761033e-16,0.3145841463644427,1.0,0.4939582491456511,1070970683010639.6,4,True,,
M3_N16_dephase_z_iid_p_p0.50000_twirl,3,16,dephase_z,iid_p,0.5,0.5,1.0000000000000002,0.4794904381372276,5.87474804595221e-16,0.5205095618627718,1.000000000000001,0.2856622032300433,886011719636914.1,4,True,,
M3_N16_dephase_z_iid_p_p0.60000_twirl,3,16,dephase_z,iid_p,0.6,0.6,0.9999999999999996,0.2990898784664339,2.9373740229761033e-16,0.7009101215335658,1.0,0.1740886049084013,2386179342674972.5,4,True,,
M3_N16_dephase_z_iid_p_p0.70000_twirl,3,16,dephase_z,iid_p,0.7,0.7,1.0000000000000002,0.1794579492442272,5.87474804595221e-16,0.8205420507557726,1.000000000000001,0.1333109989059105,1396727220193108.8,4,True,,
M3_N16_dephase_z_iid_p_p0.80000_twirl,3,16,dephase_z,iid_p,0.8,0.8,0.9999999999999992,0.107437461357723,1.9336239697862752e-16,0.8925625386422767,0.9999999999999992,0.1255884790247532,4616008865161784.0,4,True,,
M3_N16_dephase_z_iid_p_p0.90000_twirl,3,16,dephase_z,iid_p,0.9,0.9,0.9999999999999992,0.0641843196889951,1.9336239697862752e-16,0.9358156803110048,0.9999999999999992,0.1360724499249477,4839698384657702.0,4,True,,
M3_N32_dephase_z_iid_p_p0.01000_twirl,3,32,dephase_z,iid_p,0.01,0.01,0.9999999999999996,0.9993523312683452,2.9373740229761033e-16,0.000647668731654,1.0,0.9987052216764916,2204924284711.3125,5,True,,
M3_N32_dephase_z_iid_p_p0.10000_twirl,3,32,dephase_z,iid_p,0.1,0.1,0.9999999999999992,0.9894508592791038,1.9336239697862752e-16,0.0105491407208954,0.9999999999999992,0.9790494471139218,54556319562285.41,5,True,,
M3_N32_dephase_z_iid_p_p0.20000_twirl,3,32,dephase_z,iid_p,0.2,0.2,0.9999999999999992,0.9615201370975668,1.9336239697862752e-16,0.0384798629024324,0.9999999999999992,0.9249867254457396,199003857542610.2,5,True,,
M3_N32_dephase_z_iid_p_p0.30000_twirl,3,32,dephase_z,iid_p,0.3,0.3,0.9999999999999996,0.889965242347019,2.9373740229761033e-16,0.1100347576529803,1.0,0.795545504659446,374602474156474.0,5,True,,
M3_N32_dephase_z_iid_p_p0.40000_twirl,3,32,dephase_z,iid_p,0.4,0.4,0.9999999999999996,0.7325155536246695,2.9373740229761033e-16,0.2674844463753297,1.0,0.5545310750891835,910624402214596.0,5,True,,
M3_N32_dephase_z_iid_p_p0.50000_twirl,3,32,dephase_z,iid_p,0.5,0.5,1.0000000000000002,0.498335207645693,5.87474804595221e-16,0.5016647923543065,1.000000000000001,0.3001041023019094,853934140545757.1,5,True,,
M3_N32_dephase_z_iid_p_p0.60000_twirl,3,32,dephase_z,iid_p,0.6,0.6,0.9999999999999996,0.2920374052147645,2.9373740229761033e-16,0.7079625947852353,1.0,0.1693318654968554,2410188791919451.0,5,True,,
M3_N32_dephase_z_iid_p_p0.70000_twirl,3,32,dephase_z,iid_p,0.7,0.7,1.0000000000000002,0.1635002960744545,5.87474804595221e-16,0.8364997039255453,1.000000000000001,0.1290517949436994,1423890347947613.5,5,True,,
M3_N32_dephase_z_iid_p_p0.80000_twirl,3,32,dephase_z,iid_p,0.8,0.8,0.9999999999999992,0.0903662376308501,1.9336239697862752e-16,0.9096337623691496,0.9999999999999992,0.128118423402643,4704295026243868.0,5,True,,
M3_N32_dephase_z_iid_p_p0.90000_twirl,3,32,dephase_z,iid_p,0.9,0.9,0.9999999999999992,0.049957298834216,1.9336239697862752e-16,0.9500427011657842,0.9999999999999992,0.1496497139474452,4913275362793487.0,5,True,,
M3_N64_dephase_z_iid_p_p0.01000_twirl,3,64,dephase_z,iid_p,0.01,0.01,0.9999999999999996,0.9996757936699424,2.9373740229761033e-16,0.0003242063300568,1.0,0.9993517274660862,1103728457870.411,6,True,,
M3_N64_dephase_z_iid_p_p0.10000_twirl,3,64,dephase_z,iid_p,0.1,0.1,0.9999999999999992,0.9946287364221298,1.9336239697862752e-16,0.0053712635778695,0.9999999999999992,0.989295851524749,27778221938690.785,6,True,,
M3_N64_dephase_z_iid_p_p0.20000_twirl,3,64,dephase_z,iid_p,0.2,0.2,0.9999999999999992,0.9795212024371724,1.9336239697862752e-16,0.020478797562827,0.9999999999999992,0.9595970427811136,105908893780886.31,6,True,,
M3_N64_dephase_z_iid_p_p0.30000_twirl,3,64,dephase_z,iid_p,0.3,0.3,0.9999999999999996,0.9353289505097818,2.9373740229761033e-16,0.0646710494902174,1.0,0.8761128264670008,220166206224884.25,6,True,,
M3_N64_dephase_z_iid_p_p0.40000_twirl,3,64,dephase_z,iid_p,0.4,0.4,0.9999999999999996,0.8116041256035313,2.9373740229761033e-16,0.188395874396468,1.0,0.668214802672616,641375163403903.8,6,True,,
M3_N64_dephase_z_iid_p_p0.50000_twirl,3,64,dephase_z,iid_p,0.5,0.5,1.0000000000000002,0.5682690375048471,5.87474804595221e-16,0.4317309624951522,1.000000000000001,0.3634106631826974,734892729216909.0,6,True,,
M3_N64_dephase_z_iid_p_p0.60000_twirl,3,64,dephase_z,iid_p,0.6,0.6,0.9999999999999996,0.3221053432308634,2.9373740229761033e-16,0.6778946567691365,1.0,0.1827017455339984,2307825464059574.5,6,True,,
M3_N64_dephase_z_iid_p_p0.70000_twirl,3,64,dephase_z,iid_p,0.7,0.7,1.0000000000000002,0.1714334451297386,5.87474804595221e-16,0.828566554870261,1.000000000000001,0.1299910239256929,1410386536391388.0,6,True,,
M3_N64_dephase_z_iid_p_p0.80000_twirl,3,64,dephase_z,iid_p,0.8,0.8,0.9999999999999992,0.0900983103152101,1.9336239697862752e-16,0.9099016896847896,0.9999999999999992,0.1287648232905837,4705680648887291.0,6,True,,
M3_N64_dephase_z_iid_p_p0.90000_twirl,3,64,dephase_z,iid_p,0.9,0.9,0.9999999999999992,0.0474204841211709,1.9336239697862752e-16,0.9525795158788286,0.9999999999999992,0.1562083832795764,4926394845964379.0,6,True,,
M3_N128_dephase_z_iid_p_p0.01000_twirl,3,128,dephase_z,iid_p,0.01,0.01,0.9999999999999996,0.9998357523033178,2.9373740229761033e-16,0.0001642476966816,1.0,0.9996715405737552,559165075325.4924,7,True,,
M3_N128_dephase_z_iid_p_p0.10000_twirl,3,128,dephase_z,iid_p,0.1,0.1,0.9999999999999992,0.9972352892111588,1.9336239697862752e-16,0.0027647107888404,0.9999999999999992,0.9944807576418256,14298078799395.52,7,True,,
M3_N128_dephase_z_iid_p_p0.20000_twirl,3,128,dephase_z,iid_p,0.2,0.2,0.9999999999999992,0.9890825165392748,1.9336239697862752e-16,0.0109174834607244,0.9999999999999992,0.9783232362345065,56461254263056.78,7,True,,
M3_N128_dephase_z_iid_p_p0.30000_twirl,3,128,dephase_z,iid_p,0.3,0.3,0.9999999999999996,0.9626707254090195,2.9373740229761033e-16,0.0373292745909797,1.0,0.9271739552456552,127083831677514.05,7,True,,
M3_N128_dephase_z_iid_p_p0.40000_twirl,3,128,dephase_z,iid_p,0.4,0.4,0.9999999999999996,0.871416362546112,2.9373740229761033e-16,0.1285836374538874,1.0,0.7640632595248531,437750305027918.8,7,True,,
M3_N128_dephase_z_iid_p_p0.50000_twirl,3,128,dephase_z,iid_p,0.5,0.5,1.0000000000000002,0.6307986914966612,5.87474804595221e-16,0.3692013085033382,1.000000000000001,0.4291137479729886,628454710934749.9,7,True,,
M3_N128_dephase_z_iid_p_p0.60000_twirl,3,128,dephase_z,iid_p,0.6,0.6,0.9999999999999996,0.3430427502381934,2.9373740229761033e-16,0.6569572497618061,1.0,0.1931389890684022,2236546128014664.0,7,True,,
M3_N128_dephase_z_iid_p_p0.70000_twirl,3,128,dephase_z,iid_p,0.7,0.7,1.0000000000000002,0.1703757343516589,5.87474804595221e-16,0.8296242656483405,1.000000000000001,0.1295213414802842,1412186972375716.2,7,True,,
M3_N128_dephase_z_iid_p_p0.80000_twirl,3,128,dephase_z,iid_p,0.8,0.8,0.9999999999999992,0.0829891241556353,1.9336239697862752e-16,0.9170108758443644,0.9999999999999992,0.1314831278342044,4742446774414585.0,7,True,,
M3_N128_dephase_z_iid_p_p0.90000_twirl,3,128,dephase_z,iid_p,0.9,0.9,0.9999999999999992,0.0398720691925812,1.9336239697862752e-16,0.9601279308074182,0.9999999999999992,0.1713200850469198,4965432502957346.0,7,True,,
M3_N256_dephase_z_iid_p_p0.01000_twirl,3,256,dephase_z,iid_p,0.01,0.01,0.9999999999999996,0.9999178521823656,2.9373740229761033e-16,8.214781763365634e-05,1.0,0.9998357133620894,279664138754.87805,8,True,,
M3_N256_dephase_z_iid_p_p0.10000_twirl,3,256,dephase_z,iid_p,0.1,0.1,0.9999999999999992,0.9986108946402108,1.9336239697862752e-16,0.0013891053597884,0.9999999999999992,0.997224360525502,7183947765924.567,8,True,,
M3_N256_dephase_z_iid_p_p0.20000_twirl,3,256,dephase_z,iid_p,0.2,0.2,0.9999999999999992,0.9944377060013696,1.9336239697862752e-16,0.0055622939986294,0.9999999999999992,0.9889165658300972,28766161805722.12,8,True,,
M3_N256_dephase_z_iid_p_p0.30000_twirl,3,256,dephase_z,iid_p,0.3,0.3,0.9999999999999996,0.9801668716295948,2.9373740229761033e-16,0.0198331283704043,1.0,0.9608540730201688,67519928396145.125,8,True,,
M3_N256_dephase_z_iid_p_p0.40000_twirl,3,256,dephase_z,iid_p,0.4,0.4,0.9999999999999996,0.9225816555992068,2.9373740229761033e-16,0.0774183444007925,1.0,0.8529527730876671,263563113839869.12,8,True,,
M3_N256_dephase_z_iid_p_p0.50000_twirl,3,256,dephase_z,iid_p,0.5,0.5,1.0000000000000002,0.7129242454015511,5.87474804595221e-16,0.2870757545984483,1.000000000000001,0.5284655325642533,488660538891106.8,8,True,,
M3_N256_dephase_z_iid_p_p0.60000_twirl,3,256,dephase_z,iid_p,0.6,0.6,0.9999999999999996,0.3814778554290737,2.9373740229761033e-16,0.6185221445709259,1.0,0.2150037041145912,2105697605183587.2,8,True,,
M3_N256_dephase_z_iid_p_p0.70000_twirl,3,256,dephase_z,iid_p,0.7,0.7,1.0000000000000002,0.1766625731321096,5.87474804595221e-16,0.8233374268678901,1.000000000000001,0.1306197865947786,1401485511255554.5,8,True,,
M3_N256_dephase_z_iid_p_p0.80000_twirl,3,256,dephase_z,iid_p,0.8,0.8,0.9999999999999992,0.079361888995846,1.9336239697862752e-16,0.9206381110041538,0.9999999999999992,0.1330621120808749,4761205515599358.0,8,True,,
M3_N256_dephase_z_iid_p_p0.90000_twirl,3,256,dephase_z,iid_p,0.9,0.9,0.9999999999999992,0.0339862202683502,1.9336239697862752e-16,0.966013779731649,0.9999999999999992,0.18481567703853,4995871973175960.0,8,True,,
M3_N512_dephase_z_iid_p_p0.01000_twirl,3,512,dephase_z,iid_p,0.01,0.01,0.9999999999999996,0.9999587917785392,2.9373740229761033e-16,4.120822146023303e-05,1.0,0.9999175858211944,140289323517.88647,9,True,,
M3_N512_dephase_z_iid_p_p0.10000_twirl,3,512,dephase_z,iid_p,0.1,0.1,0.9999999999999992,0.999300327632916,1.9336239697862752e-16,0.0006996723670831,0.9999999999999992,0.9986013077859512,3618451043304.372,9,True,,
M3_N512_dephase_z_iid_p_p0.20000_twirl,3,512,dephase_z,iid_p,0.2,0.2,0.9999999999999992,0.997170547889517,1.9336239697862752e-16,0.0028294521104823,0.9999999999999992,0.9943517570610532,14632897371432.03,9,True,,
M3_N512_dephase_z_iid_p_p0.30000_twirl,3,512,dephase_z,iid_p,0.3,0.3,0.9999999999999996,0.9896280103035542,2.9373740229761033e-16,0.010371989696445,1.0,0.979398839590976,35310415409530.8,9,True,,
M3_N512_dephase_z_iid_p_p0.40000_twirl,3,512,dephase_z,iid_p,0.4,0.4,0.9999999999999996,0.9556690127100316,2.9373740229761033e-16,0.0443309872899678,1.0,0.9139164025804252,150920471629460.2,9,True,,
M3_N512_dephase_z_iid_p_p0.50000_twirl,3,512,dephase_z,iid_p,0.5,0.5,1.0000000000000002,0.789592683016314,5.87474804595221e-16,0.2104073169836852,1.000000000000001,0.6350660584402366,358155473797142.9,9,True,,
M3_N512_dephase_z_iid_p_p0.60000_twirl,3,512,dephase_z,iid_p,0.6,0.6,0.9999999999999996,0.4227652768586721,2.9373740229761033e-16,0.5772347231413277,1.0,0.2417222670349788,1965138653185480.8,9,True,,
M3_N512_dephase_z_iid_p_p0.70000_twirl,3,512,dephase_z,iid_p,0.7,0.7,1.0000000000000002,0.1807225433978951,5.87474804595221e-16,0.8192774566021044,1.000000000000001,0.1314027561769418,1394574627190351.0,9,True,,
M3_N512_dephase_z_iid_p_p0.80000_twirl,3,512,dephase_z,iid_p,0.8,0.8,0.9999999999999992,0.073739141056216,1.9336239697862752e-16,0.926260858943784,0.9999999999999992,0.1358475622058413,4790284323203567.0,9,True,,
M3_N512_dephase_z_iid_p_p0.90000_twirl,3,512,dephase_z,iid_p,0.9,0.9,0.9999999999999992,0.0273125041050856,1.9336239697862752e-16,0.972687495894914,0.9999999999999992,0.2061651579664339,5030386006243116.0,9,True,,
M3_N1024_dephase_z_iid_p_p0.01000_twirl,3,1024,dephase_z,iid_p,0.01,0.01,0.9999999999999996,0.9999793943799756,2.9373740229761033e-16,2.06056200237146e-05,1.0,0.9999587893260689,70149800000.06023,10,True,,
M3_N1024_dephase_z_iid_p_p0.10000_twirl,3,1024,dephase_z,iid_p,0.1,0.1,0.9999999999999992,0.999649729242526,1.9336239697862752e-16,0.0003502707574732,0.9999999999999992,0.9992996220459084,1811472979992.086,10,True,,
M3_N1024_dephase_z_iid_p_p0.20000_twirl,3,1024,dephase_z,iid_p,0.2,0.2,0.9999999999999992,0.9985781945179542,1.9336239697862752e-16,0.0014218054820451,0.9999999999999992,0.9971590827538428,7353060906678.136,10,True,,
M3_N1024_dephase_z_iid_p_p0.30000_twirl,3,1024,dephase_z,iid_p,0.3,0.3,0.9999999999999996,0.9947201213628012,2.9373740229761033e-16,0.0052798786371981,1.0,0.989477330159698,17974825799843.754,10,True,,
M3_N1024_dephase_z_iid_p_p0.40000_twirl,3,1024,dephase_z,iid_p,0.4,0.4,0.9999999999999996,0.9761887498245908,2.9373740229761033e-16,0.0238112501754086,1.0,0.9531266048461148,81063051518660.27,10,True,,
M3_N1024_dephase_z_iid_p_p0.50000_twirl,3,1024,dephase_z,iid_p,0.5,0.5,1.0000000000000002,0.8602746755044701,5.87474804595221e-16,0.1397253244955291,1.000000000000001,0.7455625218653568,237840539547567.6,10,True,,
M3_N1024_dephase_z_iid_p_p0.60000_twirl,3,1024,dephase_z,iid_p,0.6,0.6,0.9999999999999996,0.4775008103063192,2.9373740229761033e-16,0.5224991896936801,1.0,0.2824312206562939,1778796930886900.8,10,True,,
M3_N1024_dephase_z_iid_p_p0.70000_twirl,3,1024,dephase_z,iid_p,0.7,0.7,1.0000000000000002,0.1881308123107264,5.87474804595221e-16,0.8118691876892735,1.000000000000001,0.1329759443783317,1381964266958927.5,10,True,,
M3_N1024_dephase_z_iid_p_p0.80000_twirl,3,1024,dephase_z,iid_p,0.8,0.8,0.9999999999999992,0.0693187021435646,1.9336239697862752e-16,0.9306812978564352,0.9999999999999992,0.1385714300164684,4813145225745750.0,10,True,,
M3_N1024_dephase_z_iid_p_p0.90000_twirl,3,1024,dephase_z,iid_p,0.9,0.9,0.9999999999999992,0.0217436789716865,1.9336239697862752e-16,0.9782563210283136,0.9999999999999992,0.2324269793482893,5059185944702791.0,10,True,,
M4_N2_dephase_z_iid_p_p0.01000_twirl,4,2,dephase_z,iid_p,0.01,0.01,0.9999999999999996,0.9898752726728232,4.002966042486722e-16,0.010124727327176,1.0,0.9798783035369196,25293063242890.586,1,True,,
M4_N2_dephase_z_iid_p_p0.10000_twirl,4,2,dephase_z,iid_p,0.1,0.1,0.9999999999999988,0.8879898556850426,2.5061998722071713e-16,0.1120101443149564,0.999999999999999,0.7912538940515501,446932208229309.5,1,True,,
M4_N2_dephase_z_iid_p_p0.20000_twirl,4,2,dephase_z,iid_p,0.2,0.2,0.9999999999999988,0.755959137343927,2.5061998722071713e-16,0.2440408626560722,0.999999999999999,0.5830858546100616,973748603861946.8,1,True,,
M4_N2_dephase_z_iid_p_p0.30000_twirl,4,2,dephase_z,iid_p,0.3,0.3,0.9999999999999996,0.6141440206434962,4.002966042486722e-16,0.3858559793565031,1.0,0.4043964721845301,963925187626127.6,1,True,,
M4_N2_dephase_z_iid_p_p0.40000_twirl,4,2,dephase_z,iid_p,0.4,0.4,0.9999999999999996,0.4759206798866852,4.002966042486722e-16,0.524079320113314,1.0,0.2762561291720502,1309227494190146.8,1,True,,
M4_N2_dephase_z_iid_p_p0.50000_twirl,4,2,dephase_z,iid_p,0.5,0.5,1.0,0.3529411764705879,8.082545620880534e-16,0.6470588235294115,1.0000000000000018,0.204152249134948,800563156560221.4,1,True,,
M4_N2_dephase_z_iid_p_p0.60000_twirl,4,2,dephase_z,iid_p,0.6,0.6,0.9999999999999996,0.2511700468018718,4.002966042486722e-16,0.7488299531981276,1.0,0.1810950129112809,1870687748160210.5,1,True,,
M4_N2_dephase_z_iid_p_p0.70000_twirl,4,2,dephase_z,iid_p,0.7,0.7,1.0,0.1702212082134707,8.082545620880534e-16,0.8297787917865289,1.0000000000000018,0.1973325752900365,1026630508144450.8,1,True,,
M4_N2_dephase_z_iid_p_p0.80000_twirl,4,2,dephase_z,iid_p,0.8,0.8,0.9999999999999988,0.1054313099041533,2.5061998722071713e-16,0.8945686900958465,0.999999999999999,0.2489460951933775,3569422774361622.5,1,True,,
M4_N2_dephase_z_iid_p_p0.90000_twirl,4,2,dephase_z,iid_p,0.9,0.9,0.9999999999999988,0.0505949405059494,2.5061998722071713e-16,0.94940505949405,0.999999999999999,0.3428335398636918,3788225632051939.0,1,True,,
M4_N4_dephase_z_iid_p_p0.01000_twirl,4,4,dephase_z,iid_p,0.01,0.01,0.9999999999999996,0.9948576237939872,4.002966042486722e-16,0.0051423762060117,1.0,0.9897482447789978,12846414762032.816,2,True,,
M4_N4_dephase_z_iid_p_p0.10000_twirl,4,4,dephase_z,iid_p,0.1,0.1,0.9999999999999988,0.934218699358191,2.5061998722071713e-16,0.0657813006418079,0.999999999999999,0.8737516619357566,262474279770333.6,2,True,,
M4_N4_dephase_z_iid_p_p0.20000_twirl,4,4,dephase_z,iid_p,0.2,0.2,0.9999999999999988,0.831278975559714,2.5061998722071713e-16,0.1687210244402852,0.999999999999999,0.696908269996579,673214560064977.0,2,True,,
M4_N4_dephase_z_iid_p_p0.30000_twirl,4,4,dephase_z,iid_p,0.3,0.3,0.9999999999999996,0.6900697901688837,4.002966042486722e-16,0.3099302098311153,1.0,0.4942108991987453,774251408934212.5,2,True,,
M4_N4_dephase_z_iid_p_p0.40000_twirl,4,4,dephase_z,iid_p,0.4,0.4,0.9999999999999996,0.5254522646243229,4.002966042486722e-16,0.4745477353756764,1.0,0.3151656403546037,1185490284801111.8,2,True,,
M4_N4_dephase_z_iid_p_p0.50000_twirl,4,4,dephase_z,iid_p,0.5,0.5,1.0,0.3649425287356319,8.082545620880534e-16,0.6350574712643677,1.0000000000000018,0.2004888360417492,785714675861220.6,2,True,,
M4_N4_dephase_z_iid_p_p0.60000_twirl,4,4,dephase_z,iid_p,0.6,0.6,0.9999999999999996,0.2319017823381711,4.002966042486722e-16,0.7680982176618286,1.0,0.1533757180111146,1918822716728995.2,2,True,,
M4_N4_dephase_z_iid_p_p0.70000_twirl,4,4,dephase_z,iid_p,0.7,0.7,1.0,0.1340447143046208,8.082545620880534e-16,0.8659552856953786,1.0000000000000018,0.1524410274139045,1071389295296101.4,2,True,,
M4_N4_dephase_z_iid_p_p0.80000_twirl,4,4,dephase_z,iid_p,0.8,0.8,0.9999999999999988,0.0672861602837575,2.5061998722071713e-16,0.9327138397162424,0.999999999999999,0.1777273612797607,3721625916830073.0,2,True,,
M4_N4_dephase_z_iid_p_p0.90000_twirl,4,4,dephase_z,iid_p,0.9,0.9,0.9999999999999988,0.0244738426888939,2.5061998722071713e-16,0.975526157311106,0.999999999999999,0.2201272168682125,3892451548375410.5,2,True,,
M4_N8_dephase_z_iid_p_p0.01000_twirl,4,8,dephase_z,iid_p,0.01,0.01,0.9999999999999996,0.9967080295008022,4.002966042486722e-16,0.0032919704991967,1.0,0.993429585284415,8223828192036.727,3,True,,
M4_N8_dephase_z_iid_p_p0.10000_twirl,4,8,dephase_z,iid_p,0.1,0.1,0.9999999999999988,0.9480130080666472,2.5061998722071713e-16,0.0519869919333518,0.999999999999999,0.8993452014707873,207433543149803.44,3,True,,
M4_N8_dephase_z_iid_p_p0.20000_twirl,4,8,dephase_z,iid_p,0.2,0.2,0.9999999999999988,0.8365374549930125,2.5061998722071713e-16,0.1634625450069867,0.999999999999999,0.7051295666486741,652232676330909.6,3,True,,
M4_N8_dephase_z_iid_p_p0.30000_twirl,4,8,dephase_z,iid_p,0.3,0.3,0.9999999999999996,0.6560362286043031,4.002966042486722e-16,0.343963771395696,1.0,0.4501894877977975,859272268974879.6,3,True,,
M4_N8_dephase_z_iid_p_p0.40000_twirl,4,8,dephase_z,iid_p,0.4,0.4,0.9999999999999996,0.4452835254144802,4.002966042486722e-16,0.554716474585519,1.0,0.2400291525359542,1385763628014486.0,3,True,,
M4_N8_dephase_z_iid_p_p0.50000_twirl,4,8,dephase_z,iid_p,0.5,0.5,1.0,0.2650385489549443,8.082545620880534e-16,0.7349614510450551,1.0000000000000018,0.1290448336842213,909319273307097.6,3,True,,
M4_N8_dephase_z_iid_p_p0.60000_twirl,4,8,dephase_z,iid_p,0.6,0.6,0.9999999999999996,0.1419958626761013,4.002966042486722e-16,0.8580041373238982,1.0,0.0862086251487667,2143420973890872.5,3,True,,
M4_N8_dephase_z_iid_p_p0.70000_twirl,4,8,dephase_z,iid_p,0.7,0.7,1.0,0.0680855857727711,8.082545620880534e-16,0.9319144142272286,1.0000000000000018,0.0737643950545351,1152996169696476.8,3,True,,
M4_N8_dephase_z_iid_p_p0.80000_twirl,4,8,dephase_z,iid_p,0.8,0.8,0.9999999999999988,0.0272617144045109,2.5061998722071713e-16,0.9727382855954888,0.999999999999999,0.0765228738058305,3881327648216713.5,3,True,,
M4_N8_dephase_z_iid_p_p0.90000_twirl,4,8,dephase_z,iid_p,0.9,0.9,0.9999999999999988,0.0074407077942251,2.5061998722071713e-16,0.9925592922057744,0.999999999999999,0.0922519235608949,3960415540727177.0,3,True,,
M4_N16_dephase_z_iid_p_p0.01000_twirl,4,16,dephase_z,iid_p,0.01,0.01,0.9999999999999996,0.9983446866439531,4.002966042486722e-16,0.0016553133560457,1.0,0.9966927954043,4135217082724.702,4,True,,
M4_N16_dephase_z_iid_p_p0.10000_twirl,4,16,dephase_z,iid_p,0.1,0.1,0.9999999999999988,0.971886542044937,2.5061998722071713e-16,0.028113457955062,0.999999999999999,0.9447495317570488,112175641962278.84,4,True,,
M4_N16_dephase_z_iid_p_p0.20000_twirl,4,16,dephase_z,iid_p,0.2,0.2,0.9999999999999988,0.8986021774969701,2.5061998722071713e-16,0.1013978225030289,0.999999999999999,0.8096597714339073,404587932620591.2,4,True,,
M4_N16_dephase_z_iid_p_p0.30000_twirl,4,16,dephase_z,iid_p,0.3,0.3,0.9999999999999996,0.7439064219073408,4.002966042486722e-16,0.2560935780926584,1.0,0.5651143448126723,639759556725012.8,4,True,,
M4_N16_dephase_z_iid_p_p0.40000_twirl,4,16,dephase_z,iid_p,0.4,0.4,0.9999999999999996,0.5154666149128133,4.002966042486722e-16,0.4845333850871859,1.0,0.2991802679659045,1210435911632625.5,4,True,,
M4_N16_dephase_z_iid_p_p0.50000_twirl,4,16,dephase_z,iid_p,0.5,0.5,1.0,0.3018614898231458,8.082545620880534e-16,0.6981385101768539,1.0000000000000018,0.1450196401496703,863760680018032.2,4,True,,
M4_N16_dephase_z_iid_p_p0.60000_twirl,4,16,dephase_z,iid_p,0.6,0.6,0.9999999999999996,0.1623149083485236,4.002966042486722e-16,0.837685091651476,1.0,0.0874537453675533,2092660998770524.8,4,True,,
M4_N16_dephase_z_iid_p_p0.70000_twirl,4,16,dephase_z,iid_p,0.7,0.7,1.0,0.0836069098067658,8.082545620880534e-16,0.916393090193234,1.0000000000000018,0.0683994675563501,1133792660354201.0,4,True,,
M4_N16_dephase_z_iid_p_p0.80000_twirl,4,16,dephase_z,iid_p,0.8,0.8,0.9999999999999988,0.039970019105486,2.5061998722071713e-16,0.9600299808945132,0.999999999999999,0.0651761886838894,3830620181338649.0,4,True,,
M4_N16_dephase_z_iid_p_p0.90000_twirl,4,16,dephase_z,iid_p,0.9,0.9,0.9999999999999988,0.016713262004025595,2.5061998722071713e-16,0.9832867379959738,0.999999999999999,0.07340535613497062,3923417078183826.0,4,True,,
