run_id,M,N,noise,mode,p,p_channel,fidelity_init,fidelity_final,eps_L_init,eps_L_final,purity_init,purity_final,error_reduction_ratio,max_depth,twirling_enabled,iterations,purification_level,bloch_r_init,bloch_r_final
M1_N2_depolarizing_iid_p_p0.01000,1,2,depolarizing,iid_p,0.01,0.01,0.9933333333333328,0.9966220750749404,0.0066666666666666,0.0033779249250591,0.986755555555555,0.99326697090348,0.5066887387588769,1,False,1,1,0.9866666666666664,0.9932441501498814
M1_N2_depolarizing_iid_p_p0.10000,1,2,depolarizing,iid_p,0.1,0.1,0.9333333333333328,0.9620853080568716,0.0666666666666667,0.0379146919431279,0.875555555555555,0.9270456638440284,0.5687203791469191,1,False,1,1,0.8666666666666664,0.9241706161137438
M1_N2_depolarizing_iid_p_p0.20000,1,2,depolarizing,iid_p,0.2,0.2,0.8666666666666661,0.914572864321608,0.1333333333333333,0.0854271356783918,0.7688888888888883,0.8437413196636447,0.6407035175879386,1,False,1,1,0.7333333333333331,0.8291457286432161
M1_N2_depolarizing_iid_p_p0.30000,1,2,depolarizing,iid_p,0.3,0.3,0.7999999999999997,0.8571428571428571,0.1999999999999999,0.1428571428571426,0.6799999999999997,0.7551020408163267,0.7142857142857135,1,False,1,1,0.5999999999999999,0.7142857142857144
M1_N2_depolarizing_iid_p_p0.40000,1,2,depolarizing,iid_p,0.4,0.4,0.7333333333333331,0.7900552486187844,0.2666666666666666,0.2099447513812153,0.6088888888888886,0.6682640945026098,0.7872928176795578,1,False,1,1,0.4666666666666665,0.580110497237569
M1_N2_depolarizing_iid_p_p0.50000,1,2,depolarizing,iid_p,0.5,0.5,0.6666666666666664,0.7142857142857143,0.3333333333333332,0.2857142857142855,0.5555555555555555,0.5918367346938777,0.8571428571428569,1,False,1,1,0.3333333333333333,0.4285714285714287
M1_N2_depolarizing_iid_p_p0.60000,1,2,depolarizing,iid_p,0.6,0.6,0.5999999999999998,0.6315789473684209,0.3999999999999999,0.3684210526315788,0.5199999999999998,0.5346260387811634,0.9210526315789472,1,False,1,1,0.1999999999999999,0.2631578947368421
M1_N2_depolarizing_iid_p_p0.70000,1,2,depolarizing,iid_p,0.7,0.7,0.5333333333333332,0.5443786982248521,0.4666666666666665,0.4556213017751477,0.5022222222222221,0.503938937712265,0.9763313609467456,1,False,1,1,0.0666666666666667,0.0887573964497042
M1_N2_depolarizing_iid_p_p0.80000,1,2,depolarizing,iid_p,0.8,0.8,0.4666666666666664,0.4556213017751478,0.5333333333333332,0.544378698224852,0.5022222222222218,0.503938937712265,1.0207100591715976,1,False,1,1,0.0666666666666666,0.0887573964497041
M1_N2_depolarizing_iid_p_p0.90000,1,2,depolarizing,iid_p,0.9,0.9,0.3999999999999997,0.3684210526315788,0.5999999999999999,0.631578947368421,0.5199999999999996,0.5346260387811634,1.0526315789473686,1,False,1,1,0.1999999999999999,0.2631578947368421
M1_N4_depolarizing_iid_p_p0.01000,1,4,depolarizing,iid_p,0.01,0.01,0.9933333333333328,0.9948997378182683,0.0066666666666666,0.0051002621817314,0.986755555555555,0.9898515009851816,0.7650393272597159,2,False,2,1,0.9866666666666664,0.9897994756365368
M1_N4_depolarizing_iid_p_p0.10000,1,4,depolarizing,iid_p,0.1,0.1,0.9333333333333328,0.9398978559621026,0.0666666666666667,0.0601021440378969,0.875555555555555,0.8870202473601101,0.9015321605684544,2,False,2,1,0.8666666666666664,0.8797957119242058
M1_N4_depolarizing_iid_p_p0.20000,1,4,depolarizing,iid_p,0.2,0.2,0.8666666666666661,0.860885465063997,0.1333333333333333,0.1391145349360028,0.7688888888888883,0.7604766377889149,1.0433590120200211,2,False,2,1,0.7333333333333331,0.7217709301279941
M1_N4_depolarizing_iid_p_p0.30000,1,4,depolarizing,iid_p,0.3,0.3,0.7999999999999997,0.769230769230769,0.1999999999999999,0.2307692307692306,0.6799999999999997,0.6449704142011835,1.1538461538461533,2,False,2,1,0.5999999999999999,0.5384615384615385
M1_N4_depolarizing_iid_p_p0.40000,1,4,depolarizing,iid_p,0.4,0.4,0.7333333333333331,0.6761749632513606,0.2666666666666666,0.3238250367486391,0.6088888888888886,0.5620752353532366,1.214343887807397,2,False,2,1,0.4666666666666665,0.3523499265027214
M1_N4_depolarizing_iid_p_p0.50000,1,4,depolarizing,iid_p,0.5,0.5,0.6666666666666664,0.5945945945945945,0.3333333333333332,0.4054054054054052,0.5555555555555555,0.5178962746530313,1.2162162162162162,2,False,2,1,0.3333333333333333,0.1891891891891892
M1_N4_depolarizing_iid_p_p0.60000,1,4,depolarizing,iid_p,0.6,0.6,0.5999999999999998,0.5350553505535054,0.3999999999999999,0.4649446494464944,0.5199999999999998,0.5024577552048584,1.1623616236162362,2,False,2,1,0.1999999999999999,0.070110701107011
M1_N4_depolarizing_iid_p_p0.70000,1,4,depolarizing,iid_p,0.7,0.7,0.5333333333333332,0.5039447271369216,0.4666666666666665,0.4960552728630781,0.5022222222222221,0.5000311217443696,1.0629755847065965,2,False,2,1,0.0666666666666667,0.0078894542738434
M1_N4_depolarizing_iid_p_p0.80000,1,4,depolarizing,iid_p,0.8,0.8,0.4666666666666664,0.5039447271369215,0.5333333333333332,0.4960552728630781,0.5022222222222218,0.5000311217443694,0.9301036366182718,2,False,2,1,0.0666666666666666,0.0078894542738434
M1_N4_depolarizing_iid_p_p0.90000,1,4,depolarizing,iid_p,0.9,0.9,0.3999999999999997,0.5350553505535054,0.5999999999999999,0.4649446494464943,0.5199999999999996,0.5024577552048584,0.7749077490774907,2,False,2,1,0.1999999999999999,0.070110701107011
M1_N8_depolarizing_iid_p_p0.01000,1,8,depolarizing,iid_p,0.01,0.01,0.9933333333333328,0.9940128814698194,0.0066666666666666,0.0059871185301801,0.986755555555555,0.9880974541162282,0.8980677795270303,3,False,3,1,0.9866666666666664,0.9880257629396394
M1_N8_depolarizing_iid_p_p0.10000,1,8,depolarizing,iid_p,0.1,0.1,0.9333333333333328,0.925806476494282,0.0666666666666667,0.0741935235057176,0.875555555555555,0.8626223108489515,1.1129028525857636,3,False,3,1,0.8666666666666664,0.8516129529885645
M1_N8_depolarizing_iid_p_p0.20000,1,8,depolarizing,iid_p,0.2,0.2,0.8666666666666661,0.8227276418695041,0.1333333333333333,0.1772723581304957,0.7688888888888883,0.7083062616533019,1.3295426859787174,3,False,3,1,0.7333333333333331,0.6454552837390084
M1_N8_depolarizing_iid_p_p0.30000,1,8,depolarizing,iid_p,0.3,0.3,0.7999999999999997,0.7081427264409881,0.1999999999999999,0.2918572735590117,0.6799999999999997,0.5866467891405759,1.4592863677950587,3,False,3,1,0.5999999999999999,0.4162854528819763
M1_N8_depolarizing_iid_p_p0.40000,1,8,depolarizing,iid_p,0.4,0.4,0.7333333333333331,0.6086408617385984,0.2666666666666666,0.3913591382614012,0.6088888888888886,0.5236056736786106,1.4675967684802549,3,False,3,1,0.4666666666666665,0.2172817234771973
M1_N8_depolarizing_iid_p_p0.50000,1,8,depolarizing,iid_p,0.5,0.5,0.6666666666666664,0.5419863827947692,0.3333333333333332,0.4580136172052306,0.5555555555555555,0.5035257126803778,1.3740408516156923,3,False,3,1,0.3333333333333333,0.0839727655895385
M1_N8_depolarizing_iid_p_p0.60000,1,8,depolarizing,iid_p,0.6,0.6,0.5999999999999998,0.5093474808457427,0.3999999999999999,0.4906525191542571,0.5199999999999998,0.500174750796323,1.226631297885643,3,False,3,1,0.1999999999999999,0.0186949616914855
M1_N8_depolarizing_iid_p_p0.70000,1,8,depolarizing,iid_p,0.7,0.7,0.5333333333333332,0.5003506423798371,0.4666666666666665,0.4996493576201627,0.5022222222222221,0.5000002459001571,1.070677194900349,3,False,3,1,0.0666666666666667,0.0007012847596743
M1_N8_depolarizing_iid_p_p0.80000,1,8,depolarizing,iid_p,0.8,0.8,0.4666666666666664,0.4996493576201627,0.5333333333333332,0.5003506423798371,0.5022222222222218,0.5000002459001571,0.9381574544621948,3,False,3,1,0.0666666666666666,0.0007012847596743
M1_N8_depolarizing_iid_p_p0.90000,1,8,depolarizing,iid_p,0.9,0.9,0.3999999999999997,0.4906525191542571,0.5999999999999999,0.5093474808457427,0.5199999999999996,0.500174750796323,0.848912468076238,3,False,3,1,0.1999999999999999,0.0186949616914855
M1_N16_depolarizing_iid_p_p0.01000,1,16,depolarizing,iid_p,0.01,0.01,0.9933333333333328,0.9935539359475796,0.0066666666666666,0.0064460640524202,0.986755555555555,0.9871909753786952,0.966909607863033,4,False,4,1,0.9866666666666664,0.9871078718951594
M1_N16_depolarizing_iid_p_p0.10000,1,16,depolarizing,iid_p,0.1,0.1,0.9333333333333328,0.91642811959847,0.0666666666666667,0.0835718804015297,0.875555555555555,0.8468247575846355,1.2535782060229457,4,False,4,1,0.8666666666666664,0.8328562391969403
M1_N16_depolarizing_iid_p_p0.20000,1,16,depolarizing,iid_p,0.2,0.2,0.8666666666666661,0.793627341465845,0.1333333333333333,0.2063726585341547,0.7688888888888883,0.6724340313126,1.5477949390061605,4,False,4,1,0.7333333333333331,0.5872546829316903
M1_N16_depolarizing_iid_p_p0.30000,1,16,depolarizing,iid_p,0.3,0.3,0.7999999999999997,0.6631220213006725,0.1999999999999999,0.3368779786993271,0.6799999999999997,0.5532175876664341,1.684389893496636,4,False,4,1,0.5999999999999999,0.3262440426013456
M1_N16_depolarizing_iid_p_p0.40000,1,16,depolarizing,iid_p,0.4,0.4,0.7333333333333331,0.5673678756289431,0.2666666666666666,0.4326321243710566,0.6088888888888886,0.5090768613335133,1.6223704663914629,4,False,4,1,0.4666666666666665,0.1347357512578864
M1_N16_depolarizing_iid_p_p0.50000,1,16,depolarizing,iid_p,0.5,0.5,0.6666666666666664,0.5186557423689765,0.3333333333333332,0.4813442576310233,0.5555555555555555,0.5006960734466752,1.4440327728930706,4,False,4,1,0.3333333333333333,0.0373114847379531
M1_N16_depolarizing_iid_p_p0.60000,1,16,depolarizing,iid_p,0.6,0.6,0.5999999999999998,0.5024926499430629,0.3999999999999999,0.4975073500569368,0.5199999999999998,0.5000124266074772,1.2437683751423425,4,False,4,1,0.1999999999999999,0.0049852998861261
M1_N16_depolarizing_iid_p_p0.70000,1,16,depolarizing,iid_p,0.7,0.7,0.5333333333333332,0.5000311682115183,0.4666666666666665,0.4999688317884815,0.5022222222222221,0.5000000019429148,1.0713617824038892,4,False,4,1,0.0666666666666667,6.233642303674819e-05
M1_N16_depolarizing_iid_p_p0.80000,1,16,depolarizing,iid_p,0.8,0.8,0.4666666666666664,0.5000311682115183,0.5333333333333332,0.4999688317884815,0.5022222222222218,0.5000000019429148,0.937441559603403,4,False,4,1,0.0666666666666666,6.233642303674778e-05
M1_N16_depolarizing_iid_p_p0.90000,1,16,depolarizing,iid_p,0.9,0.9,0.3999999999999997,0.502492649943063,0.5999999999999999,0.4975073500569368,0.5199999999999996,0.5000124266074774,0.8291789167615615,4,False,4,1,0.1999999999999999,0.0049852998861261
M1_N32_depolarizing_iid_p_p0.01000,1,32,depolarizing,iid_p,0.01,0.01,0.9933333333333328,0.9933158207928634,0.0066666666666666,0.0066841792071363,0.986755555555555,0.9867209980890734,1.00262688107045,5,False,5,1,0.9866666666666664,0.9866316415857272
M1_N32_depolarizing_iid_p_p0.10000,1,32,depolarizing,iid_p,0.1,0.1,0.9333333333333328,0.9100012097303024,0.0666666666666667,0.0899987902696971,0.875555555555555,0.8362019839606234,1.3499818540454565,5,False,5,1,0.8666666666666664,0.8200024194606055
M1_N32_depolarizing_iid_p_p0.20000,1,32,depolarizing,iid_p,0.2,0.2,0.8666666666666661,0.7703867650781985,0.1333333333333333,0.2296132349218012,0.7688888888888883,0.6462180054589061,1.7220992619135085,5,False,5,1,0.7333333333333331,0.5407735301563974
M1_N32_depolarizing_iid_p_p0.30000,1,32,depolarizing,iid_p,0.3,0.3,0.7999999999999997,0.6288518921920462,0.1999999999999999,0.3711481078079535,0.6799999999999997,0.5332056202429415,1.855740539039768,5,False,5,1,0.5999999999999999,0.2577037843840927
M1_N32_depolarizing_iid_p_p0.40000,1,32,depolarizing,iid_p,0.4,0.4,0.7333333333333331,0.5418626216376492,0.2666666666666666,0.4581373783623506,0.6088888888888886,0.5035049581807539,1.7180151688588152,5,False,5,1,0.4666666666666665,0.0837252432752985
M1_N32_depolarizing_iid_p_p0.50000,1,32,depolarizing,iid_p,0.5,0.5,0.6666666666666664,0.5082910135599609,0.3333333333333332,0.4917089864400388,0.5555555555555555,0.5001374818117027,1.475126959320117,5,False,5,1,0.3333333333333333,0.0165820271199221
M1_N32_depolarizing_iid_p_p0.60000,1,32,depolarizing,iid_p,0.6,0.6,0.5999999999999998,0.5006647064312155,0.3999999999999999,0.4993352935687843,0.5199999999999998,0.5000008836692794,1.248338233921961,5,False,5,1,0.1999999999999999,0.0013294128624311
M1_N32_depolarizing_iid_p_p0.70000,1,32,depolarizing,iid_p,0.7,0.7,0.5333333333333332,0.5000027705076904,0.4666666666666665,0.4999972294923094,0.5022222222222221,0.5000000000153512,1.0714226346263778,5,False,5,1,0.0666666666666667,5.541015381012393e-06
M1_N32_depolarizing_iid_p_p0.80000,1,32,depolarizing,iid_p,0.8,0.8,0.4666666666666664,0.4999972294923094,0.5333333333333332,0.5000027705076904,0.5022222222222218,0.5000000000153514,0.9375051947019196,5,False,5,1,0.0666666666666666,5.541015381012349e-06
M1_N32_depolarizing_iid_p_p0.90000,1,32,depolarizing,iid_p,0.9,0.9,0.3999999999999997,0.4993352935687843,0.5999999999999999,0.5006647064312155,0.5199999999999996,0.5000008836692794,0.8344411773853594,5,False,5,1,0.1999999999999999,0.0013294128624311
M1_N64_depolarizing_iid_p_p0.01000,1,64,depolarizing,iid_p,0.01,0.01,0.9933333333333328,0.9931921146350328,0.0066666666666666,0.006807885364967,0.986755555555555,0.9864769238763508,1.0211828047450542,6,False,6,1,0.9866666666666664,0.9863842292700656
M1_N64_depolarizing_iid_p_p0.10000,1,64,depolarizing,iid_p,0.1,0.1,0.9333333333333328,0.9055113307874748,0.0666666666666667,0.0944886692125247,0.875555555555555,0.8288788787940582,1.4173300381878704,6,False,6,1,0.8666666666666664,0.8110226615749503
M1_N64_depolarizing_iid_p_p0.20000,1,64,depolarizing,iid_p,0.2,0.2,0.8666666666666661,0.7512093103244315,0.1333333333333333,0.2487906896755681,0.7688888888888883,0.6262122351873531,1.865930172566761,6,False,6,1,0.7333333333333331,0.5024186206488634
M1_N64_depolarizing_iid_p_p0.30000,1,64,depolarizing,iid_p,0.3,0.3,0.7999999999999997,0.6022665162094404,0.1999999999999999,0.3977334837905594,0.6799999999999997,0.5209168806752315,1.9886674189527973,6,False,6,1,0.5999999999999999,0.2045330324188809
M1_N64_depolarizing_iid_p_p0.40000,1,64,depolarizing,iid_p,0.4,0.4,0.7333333333333331,0.5260346052858375,0.2666666666666666,0.4739653947141624,0.6088888888888886,0.5013556013447787,1.7773702301781094,6,False,6,1,0.4666666666666665,0.052069210571675
M1_N64_depolarizing_iid_p_p0.50000,1,64,depolarizing,iid_p,0.5,0.5,0.6666666666666664,0.5036848573895478,0.3333333333333332,0.496315142610452,0.5555555555555555,0.5000271563479626,1.4889454278313563,6,False,6,1,0.3333333333333333,0.0073697147790957
M1_N64_depolarizing_iid_p_p0.60000,1,64,depolarizing,iid_p,0.6,0.6,0.5999999999999998,0.5001772550441471,0.3999999999999999,0.4998227449558526,0.5199999999999998,0.5000000628387014,1.2495568623896318,6,False,6,1,0.1999999999999999,0.0003545100882944
M1_N64_depolarizing_iid_p_p0.70000,1,64,depolarizing,iid_p,0.7,0.7,0.5333333333333332,0.5000002462673502,0.4666666666666665,0.4999997537326496,0.5022222222222221,0.5000000000001213,1.071428043712821,6,False,6,1,0.0666666666666667,4.925347005344136e-07
M1_N64_depolarizing_iid_p_p0.80000,1,64,depolarizing,iid_p,0.8,0.8,0.4666666666666664,0.5000002462673502,0.5333333333333332,0.4999997537326496,0.5022222222222218,0.5000000000001213,0.9374995382487182,6,False,6,1,0.0666666666666666,4.925347005344091e-07
M1_N64_depolarizing_iid_p_p0.90000,1,64,depolarizing,iid_p,0.9,0.9,0.3999999999999997,0.5001772550441471,0.5999999999999999,0.4998227449558526,0.5199999999999996,0.5000000628387014,0.8330379082597547,6,False,6,1,0.1999999999999999,0.0003545100882944
M1_N128_depolarizing_iid_p_p0.01000,1,128,depolarizing,iid_p,0.01,0.01,0.9933333333333328,0.993127802100057,0.0066666666666666,0.0068721978999427,0.986755555555555,0.9863500584080662,1.0308296849914154,7,False,7,1,0.9866666666666664,0.9862556042001144
M1_N128_depolarizing_iid_p_p0.10000,1,128,depolarizing,iid_p,0.1,0.1,0.9333333333333328,0.90233338140516,0.0666666666666667,0.0976666185948397,0.875555555555555,0.8237442995858202,1.4649992789225947,7,False,7,1,0.8666666666666664,0.8046667628103203
M1_N128_depolarizing_iid_p_p0.20000,1,128,depolarizing,iid_p,0.2,0.2,0.8666666666666661,0.7349935581549886,0.1333333333333333,0.2650064418450112,0.7688888888888883,0.6104439447486841,1.987548313837584,7,False,7,1,0.7333333333333331,0.4699871163099774
M1_N128_depolarizing_iid_p_p0.30000,1,128,depolarizing,iid_p,0.3,0.3,0.7999999999999997,0.58140455790576,0.1999999999999999,0.4185954420942398,0.6799999999999997,0.5132534040956644,2.0929772104711994,7,False,7,1,0.5999999999999999,0.16280911581152
M1_N128_depolarizing_iid_p_p0.40000,1,128,depolarizing,iid_p,0.4,0.4,0.7333333333333331,0.5161961223444431,0.2666666666666666,0.4838038776555566,0.6088888888888886,0.5005246287579922,1.8142645412083376,7,False,7,1,0.4666666666666665,0.0323922446888864
M1_N128_depolarizing_iid_p_p0.50000,1,128,depolarizing,iid_p,0.5,0.5,0.6666666666666664,0.5016377111009654,0.3333333333333332,0.4983622888990343,0.5555555555555555,0.5000053641953005,1.4950868666971036,7,False,7,1,0.3333333333333333,0.003275422201931
M1_N128_depolarizing_iid_p_p0.60000,1,128,depolarizing,iid_p,0.6,0.6,0.5999999999999998,0.5000472680116932,0.3999999999999999,0.4999527319883065,0.5199999999999998,0.5000000044685298,1.2498818299707664,7,False,7,1,0.1999999999999999,9.453602338677557e-05
M1_N128_depolarizing_iid_p_p0.70000,1,128,depolarizing,iid_p,0.7,0.7,0.5333333333333332,0.5000000218904311,0.4666666666666665,0.4999999781095687,0.5022222222222221,0.5000000000000012,1.0714285245205049,7,False,7,1,0.0666666666666667,4.3780862269725726e-08
M1_N128_depolarizing_iid_p_p0.80000,1,128,depolarizing,iid_p,0.8,0.8,0.4666666666666664,0.4999999781095687,0.5333333333333332,0.500000021890431,0.5022222222222218,0.500000000000001,0.9375000410445584,7,False,7,1,0.0666666666666666,4.3780862269725224e-08
M1_N128_depolarizing_iid_p_p0.90000,1,128,depolarizing,iid_p,0.9,0.9,0.3999999999999997,0.4999527319883066,0.5999999999999999,0.5000472680116933,0.5199999999999996,0.5000000044685299,0.8334121133528224,7,False,7,1,0.1999999999999999,9.453602338677553e-05
M1_N256_depolarizing_iid_p_p0.01000,1,256,depolarizing,iid_p,0.01,0.01,0.9933333333333328,0.9930943552059764,0.0066666666666666,0.0069056447940232,0.986755555555555,0.9862840862719956,1.035846719103494,8,False,8,1,0.9866666666666664,0.9861887104119532
M1_N256_depolarizing_iid_p_p0.10000,1,256,depolarizing,iid_p,0.1,0.1,0.9333333333333328,0.900063496389868,0.0666666666666667,0.0999365036101319,0.875555555555555,0.8201016022873721,1.4990475541519777,8,False,8,1,0.8666666666666664,0.800126992779736
M1_N256_depolarizing_iid_p_p0.20000,1,256,depolarizing,iid_p,0.2,0.2,0.8666666666666661,0.7210199298595911,0.1333333333333333,0.2789800701404087,0.7688888888888883,0.5976996187902772,2.092350526053065,8,False,8,1,0.7333333333333331,0.4420398597191824
M1_N256_depolarizing_iid_p_p0.30000,1,256,depolarizing,iid_p,0.3,0.3,0.7999999999999997,0.5649171567299958,0.1999999999999999,0.435082843270004,0.6799999999999997,0.5084284744758136,2.175414216350021,8,False,8,1,0.5999999999999999,0.1298343134599916
M1_N256_depolarizing_iid_p_p0.40000,1,256,depolarizing,iid_p,0.4,0.4,0.7333333333333331,0.5100768197020806,0.2666666666666666,0.4899231802979191,0.6088888888888886,0.5002030845906165,1.8372119261171973,8,False,8,1,0.4666666666666665,0.0201536394041614
M1_N256_depolarizing_iid_p_p0.50000,1,256,depolarizing,iid_p,0.5,0.5,0.6666666666666664,0.5007278713112109,0.3333333333333332,0.4992721286887888,0.5555555555555555,0.5000010595932911,1.4978163860663671,8,False,8,1,0.3333333333333333,0.0014557426224221
M1_N256_depolarizing_iid_p_p0.60000,1,256,depolarizing,iid_p,0.6,0.6,0.5999999999999998,0.5000126048031166,0.3999999999999999,0.4999873951968832,0.5199999999999998,0.5000000003177621,1.2499684879922082,8,False,8,1,0.1999999999999999,2.520960623346949e-05
M1_N256_depolarizing_iid_p_p0.70000,1,256,depolarizing,iid_p,0.7,0.7,0.5333333333333332,0.5000000019458161,0.4666666666666665,0.4999999980541837,0.5022222222222221,0.5,1.0714285672589656,8,False,8,1,0.0666666666666667,3.891632201753403e-09
M1_N256_depolarizing_iid_p_p0.80000,1,256,depolarizing,iid_p,0.8,0.8,0.4666666666666664,0.5000000019458161,0.5333333333333332,0.4999999980541837,0.5022222222222218,0.5,0.9374999963515948,8,False,8,1,0.0666666666666666,3.891632201753352e-09
M1_N256_depolarizing_iid_p_p0.90000,1,256,depolarizing,iid_p,0.9,0.9,0.3999999999999997,0.5000126048031166,0.5999999999999999,0.4999873951968832,0.5199999999999996,0.5000000003177621,0.8333123253281388,8,False,8,1,0.1999999999999999,2.5209606233469483e-05
M1_N512_depolarizing_iid_p_p0.01000,1,512,depolarizing,iid_p,0.01,0.01,0.9933333333333328,0.9930769572997992,0.0066666666666666,0.0069230427002004,0.986755555555555,0.9862497716400564,1.0384564050300684,9,False,9,1,0.9866666666666664,0.9861539145995988
M1_N512_depolarizing_iid_p_p0.10000,1,512,depolarizing,iid_p,0.1,0.1,0.9333333333333328,0.8984317947922238,0.0666666666666667,0.1015682052077759,0.875555555555555,0.8174957902027058,1.523523078116638,9,False,9,1,0.8666666666666664,0.7968635895844479
M1_N512_depolarizing_iid_p_p0.20000,1,512,depolarizing,iid_p,0.2,0.2,0.8666666666666661,0.7087948915988237,0.1333333333333333,0.291205108401176,0.7688888888888883,0.5871906135155291,2.18403831300882,9,False,9,1,0.7333333333333331,0.4175897831976477
M1_N512_depolarizing_iid_p_p0.30000,1,512,depolarizing,iid_p,0.3,0.3,0.7999999999999997,0.551828884161453,0.1999999999999999,0.4481711158385467,0.6799999999999997,0.5053724664668426,2.240855579192734,9,False,9,1,0.5999999999999999,0.1036577683229062
M1_N512_depolarizing_iid_p_p0.40000,1,512,depolarizing,iid_p,0.4,0.4,0.7333333333333331,0.5062698362826291,0.2666666666666666,0.4937301637173707,0.6088888888888886,0.500078621694022,1.851488113940141,9,False,9,1,0.4666666666666665,0.0125396725652583
M1_N512_depolarizing_iid_p_p0.50000,1,512,depolarizing,iid_p,0.5,0.5,0.6666666666666664,0.5003234983351473,0.3333333333333332,0.4996765016648525,0.5555555555555555,0.5000002093023457,1.499029504994558,9,False,9,1,0.3333333333333333,0.0006469966702947
M1_N512_depolarizing_iid_p_p0.60000,1,512,depolarizing,iid_p,0.6,0.6,0.5999999999999998,0.500003361280831,0.3999999999999999,0.4999966387191688,0.5199999999999998,0.5000000000225964,1.2499915967979225,9,False,9,1,0.1999999999999999,6.722561662201568e-06
M1_N512_depolarizing_iid_p_p0.70000,1,512,depolarizing,iid_p,0.7,0.7,0.5333333333333332,0.5000000001729614,0.4666666666666665,0.4999999998270384,0.5022222222222221,0.5,1.07142857105794,9,False,9,1,0.0666666666666667,3.4592286237808067e-10
M1_N512_depolarizing_iid_p_p0.80000,1,512,depolarizing,iid_p,0.8,0.8,0.4666666666666664,0.4999999998270384,0.5333333333333332,0.5000000001729613,0.5022222222222218,0.5,0.9375000003243028,9,False,9,1,0.0666666666666666,3.45922862378076e-10
M1_N512_depolarizing_iid_p_p0.90000,1,512,depolarizing,iid_p,0.9,0.9,0.3999999999999997,0.4999966387191688,0.5999999999999999,0.500003361280831,0.5199999999999996,0.5000000000225964,0.8333389354680518,9,False,9,1,0.1999999999999999,6.722561662201567e-06
M1_N1024_depolarizing_iid_p_p0.01000,1,1024,depolarizing,iid_p,0.01,0.01,0.9933333333333328,0.993067906638546,0.0066666666666666,0.0069320933614537,0.986755555555555,0.9862319211138362,1.0398140042180612,10,False,10,1,0.9866666666666664,0.9861358132770924
M1_N1024_depolarizing_iid_p_p0.10000,1,1024,depolarizing,iid_p,0.1,0.1,0.9333333333333328,0.8972534914893492,0.0666666666666667,0.1027465085106505,0.875555555555555,0.8156206730009572,1.5411976276597572,10,False,10,1,0.8666666666666664,0.7945069829786987
M1_N1024_depolarizing_iid_p_p0.20000,1,1024,depolarizing,iid_p,0.2,0.2,0.8666666666666661,0.6979666757970044,0.1333333333333333,0.3020333242029953,0.7688888888888883,0.5783816094522326,2.265249931522465,10,False,10,1,0.7333333333333331,0.3959333515940091
M1_N1024_depolarizing_iid_p_p0.30000,1,1024,depolarizing,iid_p,0.3,0.3,0.7999999999999997,0.5414097139772238,0.1999999999999999,0.458590286022776,0.6799999999999997,0.503429528823351,2.2929514301138805,10,False,10,1,0.5999999999999999,0.0828194279544477
M1_N1024_depolarizing_iid_p_p0.40000,1,1024,depolarizing,iid_p,0.4,0.4,0.7333333333333331,0.5039011869338482,0.2666666666666666,0.4960988130661516,0.6088888888888886,0.5000304385189857,1.8603705489980689,10,False,10,1,0.4666666666666665,0.0078023738676965
M1_N1024_depolarizing_iid_p_p0.50000,1,1024,depolarizing,iid_p,0.5,0.5,0.6666666666666664,0.5001437770356141,0.3333333333333332,0.4998562229643857,0.5555555555555555,0.5000000413436719,1.4995686688931578,10,False,10,1,0.3333333333333333,0.0002875540712283
M1_N1024_depolarizing_iid_p_p0.60000,1,1024,depolarizing,iid_p,0.6,0.6,0.5999999999999998,0.5000008963415549,0.3999999999999999,0.4999991036584449,0.5199999999999998,0.5000000000016068,1.2499977591461124,10,False,10,1,0.1999999999999999,1.7926831099193376e-06
M1_N1024_depolarizing_iid_p_p0.70000,1,1024,depolarizing,iid_p,0.7,0.7,0.5333333333333332,0.5000000000153743,0.4666666666666665,0.4999999999846255,0.5022222222222221,0.5,1.0714285713956264,10,False,10,1,0.0666666666666667,3.074869887805162e-11
M1_N1024_depolarizing_iid_p_p0.80000,1,1024,depolarizing,iid_p,0.8,0.8,0.4666666666666664,0.5000000000153743,0.5333333333333332,0.4999999999846255,0.5022222222222218,0.5,0.9374999999711732,10,False,10,1,0.0666666666666666,3.074869887805122e-11
M1_N1024_depolarizing_iid_p_p0.90000,1,1024,depolarizing,iid_p,0.9,0.9,0.3999999999999997,0.5000008963415549,0.5999999999999999,0.4999991036584449,0.5199999999999996,0.5000000000016068,0.8333318394307417,10,False,10,1,0.1999999999999999,1.7926831099193389e-06
M5_N2_depolarizing_iid_p_p0.01000,5,2,depolarizing,iid_p,0.01,0.01,0.9671081580115212,0.9828972602237668,0.032891841988477,0.0171027397762323,0.93550885152621,0.9661439901072982,0.5199690483197595,1,False,1,1,,
M5_N2_depolarizing_iid_p_p0.10000,5,2,depolarizing,iid_p,0.1,0.1,0.7082455967078174,0.7988286817411867,0.291754403292181,0.2011713182588121,0.5145392868552681,0.6443421330192787,0.6895228177836503,1,False,1,1,,
M5_N2_depolarizing_iid_p_p0.20000,5,2,depolarizing,iid_p,0.2,0.2,0.4889455144032916,0.5738120805465667,0.5110544855967079,0.4261879194534326,0.2687310970604613,0.350451582889117,0.8339383205996422,1,False,1,1,,
M5_N2_depolarizing_iid_p_p0.30000,5,2,depolarizing,iid_p,0.3,0.3,0.3276799999999996,0.3798294968424243,0.6723199999999995,0.6201705031575748,0.1453933567999998,0.177746560915777,0.9224335184994872,1,False,1,1,,
M5_N2_depolarizing_iid_p_p0.40000,5,2,depolarizing,iid_p,0.4,0.4,0.2120836213991768,0.2372101998799442,0.7879163786008228,0.7627898001200549,0.0836932138460735,0.0936895284073677,0.9681100949755768,1,False,1,1,,
M5_N2_depolarizing_iid_p_p0.50000,5,2,depolarizing,iid_p,0.5,0.5,0.1316872427983537,0.1415382635828481,0.8683127572016449,0.8584617364171515,0.0529221494013445,0.0555270714797442,0.9886549855420288,1,False,1,1,,
M5_N2_depolarizing_iid_p_p0.60000,5,2,depolarizing,iid_p,0.6,0.6,0.0777599999999998,0.0807369656142033,0.9222399999999994,0.9192630343857958,0.0380204031999999,0.0385643134145533,0.996772027222628,1,False,1,1,,
M5_N2_depolarizing_iid_p_p0.70000,5,2,depolarizing,iid_p,0.7,0.7,0.0431512757201645,0.0436196329196021,0.956848724279834,0.9563803670803972,0.0319506447798133,0.0319951184154859,0.9995105211643674,1,False,1,1,,
M5_N2_depolarizing_iid_p_p0.80000,5,2,depolarizing,iid_p,0.8,0.8,0.0221326748971192,0.0219221048115608,0.9778673251028792,0.978077895188439,0.0319506447798132,0.0319951184154859,1.0002153360483106,1,False,1,1,,
M5_N2_depolarizing_iid_p_p0.90000,5,2,depolarizing,iid_p,0.9,0.9,0.0102399999999999,0.0099659482300241,0.9897599999999992,0.9900340517699756,0.0380204031999999,0.0385643134145533,1.0002768870938172,1,False,1,1,,
M5_N4_depolarizing_iid_p_p0.01000,5,4,depolarizing,iid_p,0.01,0.01,0.9671081580115212,0.973832720833662,0.032891841988477,0.0261672791663367,0.93550885152621,0.9484813939451798,0.7955552983473487,2,False,2,1,,
M5_N4_depolarizing_iid_p_p0.10000,5,4,depolarizing,iid_p,0.1,0.1,0.7082455967078174,0.6675477191971931,0.291754403292181,0.3324522808028062,0.5145392868552681,0.45987812803379,1.1394936187813685,2,False,2,1,,
M5_N4_depolarizing_iid_p_p0.20000,5,4,depolarizing,iid_p,0.2,0.2,0.4889455144032916,0.3508053939465103,0.5110544855967079,0.6491946060534892,0.2687310970604613,0.1571791579415932,1.2703040954537144,2,False,2,1,,
M5_N4_depolarizing_iid_p_p0.30000,5,4,depolarizing,iid_p,0.3,0.3,0.3276799999999996,0.1737773409479972,0.6723199999999995,0.8262226590520027,0.1453933567999998,0.0664519115717763,1.2289128079664495,2,False,2,1,,
M5_N4_depolarizing_iid_p_p0.40000,5,4,depolarizing,iid_p,0.4,0.4,0.2120836213991768,0.0920796518966102,0.7879163786008228,0.9079203481033892,0.0836932138460735,0.0411484486424671,1.152305463830653,2,False,2,1,,
M5_N4_depolarizing_iid_p_p0.50000,5,4,depolarizing,iid_p,0.5,0.5,0.1316872427983537,0.0551889923398165,0.8683127572016449,0.9448110076601832,0.0529221494013445,0.0335413059393045,1.0880998808598334,2,False,2,1,,
M5_N4_depolarizing_iid_p_p0.60000,5,4,depolarizing,iid_p,0.6,0.6,0.0777599999999998,0.0385300710423742,0.9222399999999994,0.9614699289576256,0.0380204031999999,0.0315348448289614,1.0425376571799383,2,False,2,1,,
M5_N4_depolarizing_iid_p_p0.70000,5,4,depolarizing,iid_p,0.7,0.7,0.0431512757201645,0.0319947552747819,0.956848724279834,0.9680052447252177,0.0319506447798133,0.0312534806603431,1.011659649182038,2,False,2,1,,
M5_N4_depolarizing_iid_p_p0.80000,5,4,depolarizing,iid_p,0.8,0.8,0.0221326748971192,0.0319947552747818,0.9778673251028792,0.9680052447252174,0.0319506447798132,0.0312534806603431,0.989914705068375,2,False,2,1,,
M5_N4_depolarizing_iid_p_p0.90000,5,4,depolarizing,iid_p,0.9,0.9,0.0102399999999999,0.0385300710423742,0.9897599999999992,0.9614699289576256,0.0380204031999999,0.0315348448289614,0.9714172415106962,2,False,2,1,,
M5_N8_depolarizing_iid_p_p0.01000,5,8,depolarizing,iid_p,0.01,0.01,0.9671081580115212,0.9688670076910204,0.032891841988477,0.0311329923089786,0.93550885152621,0.938887157485234,0.94652626386462,3,False,3,1,,
M5_N8_depolarizing_iid_p_p0.10000,5,8,depolarizing,iid_p,0.1,0.1,0.7082455967078174,0.5682756809119187,0.291754403292181,0.4317243190880803,0.5145392868552681,0.3438086584438341,1.4797525391783877,3,False,3,1,,
M5_N8_depolarizing_iid_p_p0.20000,5,8,depolarizing,iid_p,0.2,0.2,0.4889455144032916,0.2238266488823557,0.5110544855967079,0.7761733511176434,0.2687310970604613,0.0866775791729643,1.5187682976921384,3,False,3,1,,
M5_N8_depolarizing_iid_p_p0.30000,5,8,depolarizing,iid_p,0.3,0.3,0.3276799999999996,0.096766945018738,0.6723199999999995,0.9032330549812616,0.1453933567999998,0.0422515454070092,1.34345706654757,3,False,3,1,,
M5_N8_depolarizing_iid_p_p0.40000,5,8,depolarizing,iid_p,0.4,0.4,0.2120836213991768,0.0539206864221861,0.7879163786008228,0.9460793135778142,0.0836932138460735,0.0333371390236658,1.2007356862638854,3,False,3,1,,
M5_N8_depolarizing_iid_p_p0.50000,5,8,depolarizing,iid_p,0.5,0.5,0.1316872427983537,0.038227577920746,0.8683127572016449,0.9617724220792534,0.0529221494013445,0.0315130272895313,1.107633642489379,3,False,3,1,,
M5_N8_depolarizing_iid_p_p0.60000,5,8,depolarizing,iid_p,0.6,0.6,0.0777599999999998,0.032647626310368,0.9222399999999994,0.9673523736896312,0.0380204031999999,0.0312620491473829,1.048916088750902,3,False,3,1,,
M5_N8_depolarizing_iid_p_p0.70000,5,8,depolarizing,iid_p,0.7,0.7,0.0431512757201645,0.031300687464928,0.956848724279834,0.9686993125350716,0.0319506447798133,0.0312500164205644,1.012385017562893,3,False,3,1,,
M5_N8_depolarizing_iid_p_p0.80000,5,8,depolarizing,iid_p,0.8,0.8,0.0221326748971192,0.0311993817120944,0.9778673251028792,0.9688006182879056,0.0319506447798132,0.0312500164205644,0.9907280808119652,3,False,3,1,,
M5_N8_depolarizing_iid_p_p0.90000,5,8,depolarizing,iid_p,0.9,0.9,0.0102399999999999,0.0299031360754153,0.9897599999999992,0.9700968639245844,0.0380204031999999,0.0312620491473829,0.9801334302503488,3,False,3,1,,
M5_N16_depolarizing_iid_p_p0.01000,5,16,depolarizing,iid_p,0.01,0.01,0.9671081580115212,0.9660930928246484,0.032891841988477,0.0339069071753501,0.93550885152621,0.9335526425058508,1.030860697531891,4,False,4,1,,
M5_N16_depolarizing_iid_p_p0.10000,5,16,depolarizing,iid_p,0.1,0.1,0.7082455967078174,0.4873995241525347,0.291754403292181,0.5126004758474645,0.5145392868552681,0.2635860183601069,1.756958832714221,4,False,4,1,,
M5_N16_depolarizing_iid_p_p0.20000,5,16,depolarizing,iid_p,0.2,0.2,0.4889455144032916,0.1503122324393961,0.5110544855967079,0.849687767560604,0.2687310970604613,0.0578718455339982,1.662616788439901,4,False,4,1,,
M5_N16_depolarizing_iid_p_p0.30000,5,16,depolarizing,iid_p,0.3,0.3,0.3276799999999996,0.0645302189450385,0.6723199999999995,0.9354697810549616,0.1453933567999998,0.0351301448484521,1.3914055524972666,4,False,4,1,,
M5_N16_depolarizing_iid_p_p0.40000,5,16,depolarizing,iid_p,0.4,0.4,0.2120836213991768,0.0408670097895807,0.7879163786008228,0.9591329902104188,0.0836932138460735,0.0317221683606386,1.2173030238483449,4,False,4,1,,
M5_N16_depolarizing_iid_p_p0.50000,5,16,depolarizing,iid_p,0.5,0.5,0.1316872427983537,0.0335140221838272,0.8683127572016449,0.9664859778161724,0.0529221494013445,0.0312809227177901,1.1130620502811857,4,False,4,1,,
M5_N16_depolarizing_iid_p_p0.60000,5,16,depolarizing,iid_p,0.6,0.6,0.0777599999999998,0.0315337965484317,0.9222399999999994,0.968466203451568,0.0380204031999999,0.0312505115350069,1.0501238326808298,4,False,4,1,,
M5_N16_depolarizing_iid_p_p0.70000,5,16,depolarizing,iid_p,0.7,0.7,0.0431512757201645,0.0312534793503117,0.956848724279834,0.9687465206496876,0.0319506447798133,0.0312500000774703,1.0124343546351156,4,False,4,1,,
M5_N16_depolarizing_iid_p_p0.80000,5,16,depolarizing,iid_p,0.8,0.8,0.0221326748971192,0.0312534793503117,0.9778673251028792,0.9687465206496876,0.0319506447798132,0.0312500000774703,0.9906727587485018,4,False,4,1,,
M5_N16_depolarizing_iid_p_p0.90000,5,16,depolarizing,iid_p,0.9,0.9,0.0102399999999999,0.0315337965484317,0.9897599999999992,0.968466203451568,0.0380204031999999,0.0312505115350069,0.9784858990579218,4,False,4,1,,
M5_N32_depolarizing_iid_p_p0.01000,5,32,depolarizing,iid_p,0.01,0.01,0.9671081580115212,0.9645253845528674,0.032891841988477,0.0354746154471317,0.93550885152621,0.930545663384602,1.07852322346555,5,False,5,1,,
M5_N32_depolarizing_iid_p_p0.10000,5,32,depolarizing,iid_p,0.1,0.1,0.7082455967078174,0.4189082490894877,0.291754403292181,0.5810917509105116,0.5145392868552681,0.2054099474034668,1.9917154440633071,5,False,5,1,,
M5_N32_depolarizing_iid_p_p0.20000,5,32,depolarizing,iid_p,0.2,0.2,0.4889455144032916,0.1072295094291526,0.5110544855967079,0.8927704905708469,0.2687310970604613,0.0449010662091419,1.7469184122871888,5,False,5,1,,
M5_N32_depolarizing_iid_p_p0.30000,5,32,depolarizing,iid_p,0.3,0.3,0.3276799999999996,0.0494157034740067,0.6723199999999995,0.9505842965259924,0.1453933567999998,0.0326874523293434,1.4138866856943022,5,False,5,1,,
M5_N32_depolarizing_iid_p_p0.40000,5,32,depolarizing,iid_p,0.4,0.4,0.2120836213991768,0.035602689849984,0.7879163786008228,0.9643973101500156,0.0836932138460735,0.031358605851795,1.2239843419203782,5,False,5,1,,
M5_N32_depolarizing_iid_p_p0.50000,5,32,depolarizing,iid_p,0.5,0.5,0.1316872427983537,0.0320124927373828,0.8683127572016449,0.9679875072626162,0.0529221494013445,0.0312536458399302,1.1147912998332514,5,False,5,1,,
M5_N32_depolarizing_iid_p_p0.60000,5,32,depolarizing,iid_p,0.6,0.6,0.0777599999999998,0.0313083020049256,0.9222399999999994,0.9686916979950736,0.0380204031999999,0.0312500217201227,1.050368340123042,5,False,5,1,,
M5_N32_depolarizing_iid_p_p0.70000,5,32,depolarizing,iid_p,0.7,0.7,0.0431512757201645,0.0312502389752052,0.956848724279834,0.9687497610247944,0.0319506447798133,0.0312500000003654,1.0124377411423289,5,False,5,1,,
M5_N32_depolarizing_iid_p_p0.80000,5,32,depolarizing,iid_p,0.8,0.8,0.0221326748971192,0.0312497610263403,0.9778673251028792,0.968750238973659,0.0319506447798132,0.0312500000003655,0.9906765612315954,5,False,5,1,,
M5_N32_depolarizing_iid_p_p0.90000,5,32,depolarizing,iid_p,0.9,0.9,0.0102399999999999,0.0311917898523593,0.9897599999999992,0.9688082101476396,0.0380204031999999,0.0312500217201227,0.9788314441355892,5,False,5,1,,
M5_N64_depolarizing_iid_p_p0.01000,5,64,depolarizing,iid_p,0.01,0.01,0.9671081580115212,0.9636334556837552,0.032891841988477,0.0363665443162437,0.93550885152621,0.928837414888762,1.1056402474809406,6,False,6,1,,
M5_N64_depolarizing_iid_p_p0.10000,5,64,depolarizing,iid_p,0.1,0.1,0.7082455967078174,0.3598733295228668,0.291754403292181,0.6401266704771328,0.5145392868552681,0.1622393519719172,2.1940600150465253,6,False,6,1,,
M5_N64_depolarizing_iid_p_p0.20000,5,64,depolarizing,iid_p,0.2,0.2,0.4889455144032916,0.0813750155322941,0.5110544855967079,0.9186249844677056,0.2687310970604613,0.0385625097977816,1.7975088965222914,6,False,6,1,,
M5_N64_depolarizing_iid_p_p0.30000,5,64,depolarizing,iid_p,0.3,0.3,0.3276799999999996,0.041644374055301,0.6723199999999995,0.9583556259446986,0.1453933567999998,0.0317928299683102,1.4254456597226013,6,False,6,1,,
M5_N64_depolarizing_iid_p_p0.40000,5,64,depolarizing,iid_p,0.4,0.4,0.2120836213991768,0.0332829457280327,0.7879163786008228,0.9667170542719667,0.0836932138460735,0.0312750778752483,1.226928492067467,6,False,6,1,,
M5_N64_depolarizing_iid_p_p0.50000,5,64,depolarizing,iid_p,0.5,0.5,0.1316872427983537,0.0315101148354257,0.8683127572016449,0.9684898851645736,0.0529221494013445,0.0312504299968408,1.1153698677487758,6,False,6,1,,
M5_N64_depolarizing_iid_p_p0.60000,5,64,depolarizing,iid_p,0.6,0.6,0.0777599999999998,0.031262006228791,0.9222399999999994,0.968737993771208,0.0380204031999999,0.0312500009222572,1.0504185393945271,6,False,6,1,,
M5_N64_depolarizing_iid_p_p0.70000,5,64,depolarizing,iid_p,0.7,0.7,0.0431512757201645,0.031250016414409,0.956848724279834,0.9687499835855906,0.0319506447798133,0.0312500000000017,1.012437973740012,6,False,6,1,,
M5_N64_depolarizing_iid_p_p0.80000,5,64,depolarizing,iid_p,0.8,0.8,0.0221326748971192,0.0312500164144091,0.9778673251028792,0.9687499835855908,0.0319506447798132,0.0312500000000017,0.9906763000631714,6,False,6,1,,
M5_N64_depolarizing_iid_p_p0.90000,5,64,depolarizing,iid_p,0.9,0.9,0.0102399999999999,0.0312620062287911,0.9897599999999992,0.9687379937712082,0.0380204031999999,0.0312500009222572,0.9787605013045678,6,False,6,1,,
M5_N128_depolarizing_iid_p_p0.01000,5,128,depolarizing,iid_p,0.01,0.01,0.9671081580115212,0.9631241441916218,0.032891841988477,0.0368758558083767,0.93550885152621,0.9278627909007308,1.1211246795267793,7,False,7,1,,
M5_N128_depolarizing_iid_p_p0.10000,5,128,depolarizing,iid_p,0.1,0.1,0.7082455967078174,0.3087555786756972,0.291754403292181,0.6912444213243022,0.5145392868552681,0.129916158950117,2.369268170503144,7,False,7,1,,
M5_N128_depolarizing_iid_p_p0.20000,5,128,depolarizing,iid_p,0.2,0.2,0.4889455144032916,0.0653294128544421,0.5110544855967079,0.9346705871455574,0.2687310970604613,0.035273626997673,1.8289059454281764,7,False,7,1,,
M5_N128_depolarizing_iid_p_p0.30000,5,128,depolarizing,iid_p,0.3,0.3,0.3276799999999996,0.0373762313390102,0.6723199999999995,0.9626237686609894,0.1453933567999998,0.0314565030156029,1.431794039536218,7,False,7,1,,
M5_N128_depolarizing_iid_p_p0.40000,5,128,depolarizing,iid_p,0.4,0.4,0.2120836213991768,0.0322139347641138,0.7879163786008228,0.9677860652358854,0.0836932138460735,0.0312557958524377,1.2282852489428815,7,False,7,1,,
M5_N128_depolarizing_iid_p_p0.50000,5,128,depolarizing,iid_p,0.5,0.5,0.1316872427983537,0.0313391268045225,0.8683127572016449,0.9686608731954772,0.0529221494013445,0.0312500507166286,1.11556678761375,7,False,7,1,,
M5_N128_depolarizing_iid_p_p0.60000,5,128,depolarizing,iid_p,0.6,0.6,0.0777599999999998,0.0312524736916823,0.9222399999999994,0.9687475263083172,0.0380204031999999,0.0312500000391599,1.0504288756812954,7,False,7,1,,
M5_N128_depolarizing_iid_p_p0.70000,5,128,depolarizing,iid_p,0.7,0.7,0.0431512757201645,0.0312500011274541,0.956848724279834,0.9687499988725456,0.0319506447798133,0.03125,1.012437989716367,7,False,7,1,,
M5_N128_depolarizing_iid_p_p0.80000,5,128,depolarizing,iid_p,0.8,0.8,0.0221326748971192,0.0312499988725458,0.9778673251028792,0.9687500011274536,0.0319506447798132,0.03125,0.99067631800207,7,False,7,1,,
M5_N128_depolarizing_iid_p_p0.90000,5,128,depolarizing,iid_p,0.9,0.9,0.0102399999999999,0.0312475264739484,0.9897599999999992,0.968752473526051,0.0380204031999999,0.0312500000391599,0.978775130866121,7,False,7,1,,
M5_N256_depolarizing_iid_p_p0.01000,5,256,depolarizing,iid_p,0.01,0.01,0.9671081580115212,0.9628327179071602,0.032891841988477,0.0371672820928385,0.93550885152621,0.927305383861416,1.129984818298086,8,False,8,1,,
M5_N256_depolarizing_iid_p_p0.10000,5,256,depolarizing,iid_p,0.1,0.1,0.7082455967078174,0.2646507432992426,0.291754403292181,0.7353492567007568,0.5145392868552681,0.1056791398248422,2.5204392749621407,8,False,8,1,,
M5_N256_depolarizing_iid_p_p0.20000,5,256,depolarizing,iid_p,0.2,0.2,0.4889455144032916,0.0550024970182312,0.5110544855967079,0.9449975029817688,0.2687310970604613,0.0334990678581369,1.8491130194824303,8,False,8,1,,
M5_N256_depolarizing_iid_p_p0.30000,5,256,depolarizing,iid_p,0.3,0.3,0.3276799999999996,0.034927278478172,0.6723199999999995,0.9650727215218272,0.1453933567999998,0.0313287783552932,1.4354365800836328,8,False,8,1,,
M5_N256_depolarizing_iid_p_p0.40000,5,256,depolarizing,iid_p,0.4,0.4,0.2120836213991768,0.0317103763597634,0.7879163786008228,0.968289623640236,0.0836932138460735,0.0312513397809758,1.2289243502714322,8,False,8,1,,
M5_N256_depolarizing_iid_p_p0.50000,5,256,depolarizing,iid_p,0.5,0.5,0.1316872427983537,0.0312805849997747,0.8683127572016449,0.9687194150002246,0.0529221494013445,0.0312500059818779,1.1156342077964687,8,False,8,1,,
M5_N256_depolarizing_iid_p_p0.60000,5,256,depolarizing,iid_p,0.6,0.6,0.0777599999999998,0.0312505097168584,0.9222399999999994,0.9687494902831408,0.0380204031999999,0.0312500000016627,1.050431005251498,8,False,8,1,,
M5_N256_depolarizing_iid_p_p0.70000,5,256,depolarizing,iid_p,0.7,0.7,0.0431512757201645,0.0312500000774412,0.956848724279834,0.9687499999225584,0.0319506447798133,0.03125,1.0124379908137324,8,False,8,1,,
M5_N256_depolarizing_iid_p_p0.80000,5,256,depolarizing,iid_p,0.8,0.8,0.0221326748971192,0.0312500000774412,0.9778673251028792,0.9687499999225584,0.0319506447798132,0.03125,0.9906763167699038,8,False,8,1,,
M5_N256_depolarizing_iid_p_p0.90000,5,256,depolarizing,iid_p,0.9,0.9,0.0102399999999999,0.0312505097168584,0.9897599999999992,0.9687494902831408,0.0380204031999999,0.0312500000016627,0.9787721167587512,8,False,8,1,,
M5_N512_depolarizing_iid_p_p0.01000,5,512,depolarizing,iid_p,0.01,0.01,0.9671081580115212,0.9626657706315508,0.032891841988477,0.0373342293684479,0.93550885152621,0.9269861544495734,1.1350604621512883,9,False,9,1,,
M5_N512_depolarizing_iid_p_p0.10000,5,512,depolarizing,iid_p,0.1,0.1,0.7082455967078174,0.2269083439449355,0.291754403292181,0.7730916560550641,0.5145392868552681,0.0875339709364849,2.649802873003572,9,False,9,1,,
M5_N512_depolarizing_iid_p_p0.20000,5,512,depolarizing,iid_p,0.2,0.2,0.4889455144032916,0.0481301510677458,0.5110544855967079,0.951869848932254,0.2687310970604613,0.03251857404604,1.8625604035562853,9,False,9,1,,
M5_N512_depolarizing_iid_p_p0.30000,5,512,depolarizing,iid_p,0.3,0.3,0.3276799999999996,0.0334822983583187,0.6723199999999995,0.9665177016416808,0.1453933567999998,0.031280085148956,1.4375858246693265,9,False,9,1,,
M5_N512_depolarizing_iid_p_p0.40000,5,512,depolarizing,iid_p,0.4,0.4,0.2120836213991768,0.0314706418553524,0.7879163786008228,0.9685293581446472,0.0836932138460735,0.0312503097213007,1.2292286141640512,9,False,9,1,,
M5_N512_depolarizing_iid_p_p0.50000,5,512,depolarizing,iid_p,0.5,0.5,0.1316872427983537,0.0312605010858757,0.8683127572016449,0.9687394989141236,0.0529221494013445,0.0312500007055453,1.1156573376120018,9,False,9,1,,
M5_N512_depolarizing_iid_p_p0.60000,5,512,depolarizing,iid_p,0.6,0.6,0.0777599999999998,0.0312501050319894,0.9222399999999994,0.9687498949680098,0.0380204031999999,0.0312500000000705,1.0504314440579572,9,False,9,1,,
M5_N512_depolarizing_iid_p_p0.70000,5,512,depolarizing,iid_p,0.7,0.7,0.0431512757201645,0.0312500000053191,0.956848724279834,0.9687499999946808,0.0319506447798133,0.03125,1.0124379908891072,9,False,9,1,,
M5_N512_depolarizing_iid_p_p0.80000,5,512,depolarizing,iid_p,0.8,0.8,0.0221326748971192,0.0312499999946807,0.9778673251028792,0.9687500000053184,0.0319506447798132,0.03125,0.9906763168545368,9,False,9,1,,
M5_N512_depolarizing_iid_p_p0.90000,5,512,depolarizing,iid_p,0.9,0.9,0.0102399999999999,0.0312498949683091,0.9897599999999992,0.9687501050316908,0.0380204031999999,0.0312500000000706,0.9787727378674544,9,False,9,1,,
M5_N1024_depolarizing_iid_p_p0.01000,5,1024,depolarizing,iid_p,0.01,0.01,0.9671081580115212,0.9625700694463714,0.032891841988477,0.0374299305536276,0.93550885152621,0.926803187764594,1.137970034233427,10,False,10,1,,
M5_N1024_depolarizing_iid_p_p0.10000,5,1024,depolarizing,iid_p,0.1,0.1,0.7082455967078174,0.1949361770794503,0.291754403292181,0.805063822920549,0.5145392868552681,0.0739714894566854,2.759388766154484,10,False,10,1,,
M5_N1024_depolarizing_iid_p_p0.20000,5,1024,depolarizing,iid_p,0.2,0.2,0.4889455144032916,0.0434264038414984,0.5110544855967079,0.9565735961585012,0.2687310970604613,0.0319692373004877,1.8717644069626047,10,False,10,1,,
M5_N1024_depolarizing_iid_p_p0.30000,5,1024,depolarizing,iid_p,0.3,0.3,0.3276799999999996,0.0326145686962171,0.6723199999999995,0.9673854313037826,0.1453933567999998,0.0312614940979726,1.4388764744523197,10,False,10,1,,
M5_N1024_depolarizing_iid_p_p0.40000,5,1024,depolarizing,iid_p,0.4,0.4,0.2120836213991768,0.0313559224833896,0.7879163786008228,0.9686440775166094,0.0836932138460735,0.0312500716000204,1.2293742125740827,10,False,10,1,,
M5_N1024_depolarizing_iid_p_p0.50000,5,1024,depolarizing,iid_p,0.5,0.5,0.1316872427983537,0.0312536060970403,0.8683127572016449,0.9687463939029588,0.0529221494013445,0.031250000083217,1.1156652782863472,10,False,10,1,,
M5_N1024_depolarizing_iid_p_p0.60000,5,1024,depolarizing,iid_p,0.6,0.6,0.0777599999999998,0.0312500216429309,0.9222399999999994,0.9687499783570684,0.0380204031999999,0.031250000000003,1.0504315344780848,10,False,10,1,,
M5_N1024_depolarizing_iid_p_p0.70000,5,1024,depolarizing,iid_p,0.7,0.7,0.0431512757201645,0.0312500000003653,0.956848724279834,0.9687499999996346,0.0319506447798133,0.03125,1.0124379908942849,10,False,10,1,,
M5_N1024_depolarizing_iid_p_p0.80000,5,1024,depolarizing,iid_p,0.8,0.8,0.0221326748971192,0.0312500000003653,0.9778673251028792,0.9687499999996346,0.0319506447798132,0.03125,0.9906763168487244,10,False,10,1,,
M5_N1024_depolarizing_iid_p_p0.90000,5,1024,depolarizing,iid_p,0.9,0.9,0.0102399999999999,0.0312500216429309,0.9897599999999992,0.9687499783570682,0.0380204031999999,0.031250000000003,0.9787726098822634,10,False,10,1,,
M1_N2_depolarizing_iid_p_p0.01000,1,2,depolarizing,iid_p,0.01,0.01,0.9933333333333328,0.9982996079545116,0.0066666666666666,0.001700392045488,0.986755555555555,0.9966049985752404,0.2550588068232084,2,False,1,2,0.9866666666666664,0.9965992159090236
M1_N2_depolarizing_iid_p_p0.10000,1,2,depolarizing,iid_p,0.1,0.1,0.9333333333333328,0.9795789915378696,0.0666666666666667,0.0204210084621301,0.875555555555555,0.9599920182489604,0.3063151269319518,2,False,1,2,0.8666666666666664,0.9591579830757396
M1_N2_depolarizing_iid_p_p0.20000,1,2,depolarizing,iid_p,0.2,0.2,0.8666666666666661,0.9497082751253184,0.1333333333333333,0.0502917248746814,0.7688888888888883,0.9044750654323784,0.3771879365601105,2,False,1,2,0.7333333333333331,0.8994165502506369
M1_N2_depolarizing_iid_p_p0.30000,1,2,depolarizing,iid_p,0.3,0.3,0.7999999999999997,0.9069767441860466,0.1999999999999999,0.0930232558139532,0.6799999999999997,0.8312601406165496,0.4651162790697664,2,False,1,2,0.5999999999999999,0.8139534883720932
M1_N2_depolarizing_iid_p_p0.40000,1,2,depolarizing,iid_p,0.4,0.4,0.7333333333333331,0.847733011307498,0.2666666666666666,0.1522669886925018,0.6088888888888886,0.7418364943059612,0.571001207596882,2,False,1,2,0.4666666666666665,0.6954660226149961
M1_N2_depolarizing_iid_p_p0.50000,1,2,depolarizing,iid_p,0.5,0.5,0.6666666666666664,0.769230769230769,0.3333333333333332,0.2307692307692306,0.5555555555555555,0.6449704142011835,0.6923076923076921,2,False,1,2,0.3333333333333333,0.5384615384615385
M1_N2_depolarizing_iid_p_p0.60000,1,2,depolarizing,iid_p,0.6,0.6,0.5999999999999998,0.671480144404332,0.3999999999999999,0.3285198555956677,0.5199999999999998,0.5588108798498612,0.8212996389891696,2,False,1,2,0.1999999999999999,0.3429602888086642
M1_N2_depolarizing_iid_p_p0.70000,1,2,depolarizing,iid_p,0.7,0.7,0.5333333333333332,0.5590166224333007,0.4666666666666665,0.440983377566699,0.5022222222222221,0.5069659234468695,0.9449643805000696,2,False,1,2,0.0666666666666667,0.1180332448666016
M1_N2_depolarizing_iid_p_p0.80000,1,2,depolarizing,iid_p,0.8,0.8,0.4666666666666664,0.4409833775666992,0.5333333333333332,0.5590166224333006,0.5022222222222218,0.5069659234468695,1.0481561670624389,2,False,1,2,0.0666666666666666,0.1180332448666015
M1_N2_depolarizing_iid_p_p0.90000,1,2,depolarizing,iid_p,0.9,0.9,0.3999999999999997,0.3285198555956678,0.5999999999999999,0.671480144404332,0.5199999999999996,0.5588108798498612,1.1191335740072204,2,False,1,2,0.1999999999999999,0.3429602888086643
M1_N4_depolarizing_iid_p_p0.01000,1,4,depolarizing,iid_p,0.01,0.01,0.9933333333333328,0.997860911374278,0.0066666666666666,0.0021390886257218,0.986755555555555,0.9957309741488536,0.3208632938582734,4,False,2,2,0.9866666666666664,0.995721822748556
M1_N4_depolarizing_iid_p_p0.10000,1,4,depolarizing,iid_p,0.1,0.1,0.9333333333333328,0.9727000373866368,0.0666666666666667,0.0272999626133627,0.875555555555555,0.9468906506906564,0.4094994392004403,4,False,2,2,0.8666666666666664,0.9454000747732744
M1_N4_depolarizing_iid_p_p0.20000,1,4,depolarizing,iid_p,0.2,0.2,0.8666666666666661,0.9278958776855462,0.1333333333333333,0.0721041223144535,0.7688888888888883,0.866189764280568,0.5407809173584016,4,False,2,2,0.7333333333333331,0.8557917553710926
M1_N4_depolarizing_iid_p_p0.30000,1,4,depolarizing,iid_p,0.3,0.3,0.7999999999999997,0.8586396435547107,0.1999999999999999,0.141360356445289,0.6799999999999997,0.7572447878581001,0.7068017822264454,4,False,2,2,0.5999999999999999,0.7172792871094217
M1_N4_depolarizing_iid_p_p0.40000,1,4,depolarizing,iid_p,0.4,0.4,0.7333333333333331,0.7633613821514507,0.2666666666666666,0.2366386178485489,0.6088888888888886,0.638718435217445,0.8873948169320588,4,False,2,2,0.4666666666666665,0.5267227643029019
M1_N4_depolarizing_iid_p_p0.50000,1,4,depolarizing,iid_p,0.5,0.5,0.6666666666666664,0.6549534355496613,0.3333333333333332,0.3450465644503384,0.5555555555555555,0.5480211343772862,1.0351396933510155,4,False,2,2,0.3333333333333333,0.3099068710993229
M1_N4_depolarizing_iid_p_p0.60000,1,4,depolarizing,iid_p,0.6,0.6,0.5999999999999998,0.560706523474494,0.3999999999999999,0.4392934765255057,0.5199999999999998,0.5073705639847186,1.0982336913137647,4,False,2,2,0.1999999999999999,0.1214130469489882
M1_N4_depolarizing_iid_p_p0.70000,1,4,depolarizing,iid_p,0.7,0.7,0.5333333333333332,0.5069941616698627,0.4666666666666665,0.4930058383301371,0.5022222222222221,0.5000978365949283,1.0564410821360084,4,False,2,2,0.0666666666666667,0.0139883233397255
M1_N4_depolarizing_iid_p_p0.80000,1,4,depolarizing,iid_p,0.8,0.8,0.4666666666666664,0.5069941616698627,0.5333333333333332,0.4930058383301371,0.5022222222222218,0.5000978365949283,0.9243859468690072,4,False,2,2,0.0666666666666666,0.0139883233397255
M1_N4_depolarizing_iid_p_p0.90000,1,4,depolarizing,iid_p,0.9,0.9,0.3999999999999997,0.560706523474494,0.5999999999999999,0.4392934765255057,0.5199999999999996,0.5073705639847186,0.7321557942091764,4,False,2,2,0.1999999999999999,0.1214130469489882
M1_N8_depolarizing_iid_p_p0.01000,1,8,depolarizing,iid_p,0.01,0.01,0.9933333333333328,0.997747014592867,0.0066666666666666,0.0022529854071328,0.986755555555555,0.9955041810722236,0.3379478110699308,6,False,3,2,0.9866666666666664,0.995494029185734
M1_N8_depolarizing_iid_p_p0.10000,1,8,depolarizing,iid_p,0.1,0.1,0.9333333333333328,0.9702233543076324,0.0666666666666667,0.0297766456923672,0.875555555555555,0.9422200058726428,0.4466496853855087,6,False,3,2,0.8666666666666664,0.9404467086152652
M1_N8_depolarizing_iid_p_p0.20000,1,8,depolarizing,iid_p,0.2,0.2,0.8666666666666661,0.9170534260526402,0.1333333333333333,0.0829465739473595,0.7688888888888883,0.8478671203644903,0.6220993046051965,6,False,3,2,0.7333333333333331,0.8341068521052807
M1_N8_depolarizing_iid_p_p0.30000,1,8,depolarizing,iid_p,0.3,0.3,0.7999999999999997,0.828336000333671,0.1999999999999999,0.1716639996663287,0.6799999999999997,0.715609058230225,0.8583199983316439,6,False,3,2,0.5999999999999999,0.6566720006673423
M1_N8_depolarizing_iid_p_p0.40000,1,8,depolarizing,iid_p,0.4,0.4,0.7333333333333331,0.7070552525708474,0.2666666666666666,0.2929447474291523,0.6088888888888886,0.585743755234355,1.0985428028593214,6,False,3,2,0.4666666666666665,0.4141105051416952
M1_N8_depolarizing_iid_p_p0.50000,1,8,depolarizing,iid_p,0.5,0.5,0.6666666666666664,0.5909278479908164,0.3333333333333332,0.4090721520091833,0.5555555555555555,0.5165357470804821,1.2272164560275505,6,False,3,2,0.3333333333333333,0.1818556959816331
M1_N8_depolarizing_iid_p_p0.60000,1,8,depolarizing,iid_p,0.6,0.6,0.5999999999999998,0.5215727651280839,0.3999999999999999,0.4784272348719159,0.5199999999999998,0.500930768390543,1.19606808717979,6,False,3,2,0.1999999999999999,0.0431455302561679
M1_N8_depolarizing_iid_p_p0.70000,1,8,depolarizing,iid_p,0.7,0.7,0.5333333333333332,0.5008289370118983,0.4666666666666665,0.4991710629881014,0.5022222222222221,0.5000013742731394,1.0696522778316462,6,False,3,2,0.0666666666666667,0.0016578740237969
M1_N8_depolarizing_iid_p_p0.80000,1,8,depolarizing,iid_p,0.8,0.8,0.4666666666666664,0.4991710629881014,0.5333333333333332,0.5008289370118983,0.5022222222222218,0.5000013742731394,0.9390542568973096,6,False,3,2,0.0666666666666666,0.0016578740237969
M1_N8_depolarizing_iid_p_p0.90000,1,8,depolarizing,iid_p,0.9,0.9,0.3999999999999997,0.478427234871916,0.5999999999999999,0.5215727651280838,0.5199999999999996,0.500930768390543,0.8692879418801399,6,False,3,2,0.1999999999999999,0.0431455302561678
M1_N16_depolarizing_iid_p_p0.01000,1,16,depolarizing,iid_p,0.01,0.01,0.9933333333333328,0.9977173960041316,0.0066666666666666,0.002282603995868,0.986755555555555,0.9954452125702676,0.342390599380208,8,False,4,2,0.9866666666666664,0.9954347920082636
M1_N16_depolarizing_iid_p_p0.10000,1,16,depolarizing,iid_p,0.1,0.1,0.9333333333333328,0.9693111478012678,0.0666666666666667,0.0306888521987317,0.875555555555555,0.9405059069010876,0.4603327829809767,8,False,4,2,0.8666666666666664,0.9386222956025362
M1_N16_depolarizing_iid_p_p0.20000,1,16,depolarizing,iid_p,0.2,0.2,0.8666666666666661,0.9113282059238924,0.1333333333333333,0.0886717940761073,0.7688888888888883,0.8383817859771363,0.6650384555708051,8,False,4,2,0.7333333333333331,0.822656411847785
M1_N16_depolarizing_iid_p_p0.30000,1,16,depolarizing,iid_p,0.3,0.3,0.7999999999999997,0.8074271271078362,0.1999999999999999,0.1925728728921635,0.6799999999999997,0.6890228769635555,0.9628643644608178,8,False,4,2,0.5999999999999999,0.6148542542156727
M1_N16_depolarizing_iid_p_p0.40000,1,16,depolarizing,iid_p,0.4,0.4,0.7333333333333331,0.6660813097220857,0.2666666666666666,0.3339186902779141,0.6088888888888886,0.5551660028780068,1.2521950885421784,8,False,4,2,0.4666666666666665,0.3321626194441714
M1_N16_depolarizing_iid_p_p0.50000,1,16,depolarizing,iid_p,0.5,0.5,0.6666666666666664,0.553700600394637,0.3333333333333332,0.4462993996053628,0.5555555555555555,0.5057675089654889,1.3388981988160888,8,False,4,2,0.3333333333333333,0.1074012007892741
M1_N16_depolarizing_iid_p_p0.60000,1,16,depolarizing,iid_p,0.6,0.6,0.5999999999999998,0.507669787698685,0.3999999999999999,0.4923302123013148,0.5199999999999998,0.5001176512866857,1.2308255307532872,8,False,4,2,0.1999999999999999,0.0153395753973701
M1_N16_depolarizing_iid_p_p0.70000,1,16,depolarizing,iid_p,0.7,0.7,0.5333333333333332,0.500098244385484,0.4666666666666665,0.4999017556145157,0.5022222222222221,0.5000000193039185,1.0712180477453912,8,False,4,2,0.0666666666666667,0.0001964887709682
M1_N16_depolarizing_iid_p_p0.80000,1,16,depolarizing,iid_p,0.8,0.8,0.4666666666666664,0.500098244385484,0.5333333333333332,0.4999017556145157,0.5022222222222218,0.5000000193039185,0.9373157917772172,8,False,4,2,0.0666666666666666,0.0001964887709682
M1_N16_depolarizing_iid_p_p0.90000,1,16,depolarizing,iid_p,0.9,0.9,0.3999999999999997,0.507669787698685,0.5999999999999999,0.4923302123013148,0.5199999999999996,0.5001176512866858,0.8205503538355249,8,False,4,2,0.1999999999999999,0.0153395753973701
M1_N32_depolarizing_iid_p_p0.01000,1,32,depolarizing,iid_p,0.01,0.01,0.9933333333333328,0.9977096905090396,0.0066666666666666,0.00229030949096,0.986755555555555,0.9954298720532084,0.3435464236440068,10,False,5,2,0.9866666666666664,0.9954193810180796
M1_N32_depolarizing_iid_p_p0.10000,1,32,depolarizing,iid_p,0.1,0.1,0.9333333333333328,0.9689723908245208,0.0666666666666667,0.0310276091754787,0.875555555555555,0.9398702067113348,0.4654141376321802,10,False,5,2,0.8666666666666664,0.9379447816490424
M1_N32_depolarizing_iid_p_p0.20000,1,32,depolarizing,iid_p,0.2,0.2,0.8666666666666661,0.9082121545246408,0.1333333333333333,0.0917878454753588,0.7688888888888883,0.8332743262032987,0.6884088410651912,10,False,5,2,0.7333333333333331,0.8164243090492821
M1_N32_depolarizing_iid_p_p0.30000,1,32,depolarizing,iid_p,0.3,0.3,0.7999999999999997,0.7921316666783716,0.1999999999999999,0.2078683333216281,0.6799999999999997,0.6706818213525666,1.039341666608141,10,False,5,2,0.5999999999999999,0.5842633333567435
M1_N32_depolarizing_iid_p_p0.40000,1,32,depolarizing,iid_p,0.4,0.4,0.7333333333333331,0.6348021459224319,0.2666666666666666,0.3651978540775679,0.6088888888888886,0.5363432370905853,1.3694919527908798,10,False,5,2,0.4666666666666665,0.2696042918448639
M1_N32_depolarizing_iid_p_p0.50000,1,32,depolarizing,iid_p,0.5,0.5,0.6666666666666664,0.5317848682564239,0.3333333333333332,0.4682151317435759,0.5555555555555555,0.5020205557001565,1.404645395230728,10,False,5,2,0.3333333333333333,0.0635697365128479
M1_N32_depolarizing_iid_p_p0.60000,1,32,depolarizing,iid_p,0.6,0.6,0.5999999999999998,0.5027270118605836,0.3999999999999999,0.4972729881394163,0.5199999999999998,0.5000148731873755,1.243182470348541,10,False,5,2,0.1999999999999999,0.0054540237211671
M1_N32_depolarizing_iid_p_p0.70000,1,32,depolarizing,iid_p,0.7,0.7,0.5333333333333332,0.5000116437790184,0.4666666666666665,0.4999883562209814,0.5022222222222221,0.500000000271155,1.071403620473532,10,False,5,2,0.0666666666666667,2.328755803698593e-05
M1_N32_depolarizing_iid_p_p0.80000,1,32,depolarizing,iid_p,0.8,0.8,0.4666666666666664,0.4999883562209813,0.5333333333333332,0.5000116437790184,0.5022222222222218,0.500000000271155,0.9375218320856598,10,False,5,2,0.0666666666666666,2.3287558036985808e-05
M1_N32_depolarizing_iid_p_p0.90000,1,32,depolarizing,iid_p,0.9,0.9,0.3999999999999997,0.4972729881394163,0.5999999999999999,0.5027270118605834,0.5199999999999996,0.5000148731873755,0.8378783531009726,10,False,5,2,0.1999999999999999,0.0054540237211671
M1_N64_depolarizing_iid_p_p0.01000,1,64,depolarizing,iid_p,0.01,0.01,0.9933333333333328,0.9977076856474314,0.0066666666666666,0.0022923143525682,0.986755555555555,0.9954258807050452,0.3438471528852411,12,False,6,2,0.9866666666666664,0.9954153712948632
M1_N64_depolarizing_iid_p_p0.10000,1,64,depolarizing,iid_p,0.1,0.1,0.9333333333333328,0.9688462076728628,0.0666666666666667,0.0311537923271369,0.875555555555555,0.9396335328984506,0.4673068849070538,12,False,6,2,0.8666666666666664,0.937692415345726
M1_N64_depolarizing_iid_p_p0.20000,1,64,depolarizing,iid_p,0.2,0.2,0.8666666666666661,0.9064887622748616,0.1333333333333333,0.0935112377251382,0.7688888888888883,0.830466227711498,0.7013342829385364,12,False,6,2,0.7333333333333331,0.8129775245497234
M1_N64_depolarizing_iid_p_p0.30000,1,64,depolarizing,iid_p,0.3,0.3,0.7999999999999997,0.7804941081186128,0.1999999999999999,0.219505891881387,0.6799999999999997,0.6573538893785121,1.0975294594069356,12,False,6,2,0.5999999999999999,0.5609882162372256
M1_N64_depolarizing_iid_p_p0.40000,1,64,depolarizing,iid_p,0.4,0.4,0.7333333333333331,0.6102257095002067,0.2666666666666666,0.3897742904997931,0.6088888888888886,0.524299414069648,1.4616535893742246,12,False,6,2,0.4666666666666665,0.2204514190004135
M1_N64_depolarizing_iid_p_p0.50000,1,64,depolarizing,iid_p,0.5,0.5,0.6666666666666664,0.5188276505977916,0.3333333333333332,0.4811723494022083,0.5555555555555555,0.500708960854065,1.4435170482066255,12,False,6,2,0.3333333333333333,0.0376553011955831
M1_N64_depolarizing_iid_p_p0.60000,1,64,depolarizing,iid_p,0.6,0.6,0.5999999999999998,0.5009696031488677,0.3999999999999999,0.499030396851132,0.5199999999999998,0.5000018802605326,1.2475759921278304,12,False,6,2,0.1999999999999999,0.0019392062977356
M1_N64_depolarizing_iid_p_p0.70000,1,64,depolarizing,iid_p,0.7,0.7,0.5333333333333332,0.5000013800034391,0.4666666666666665,0.4999986199965606,0.5022222222222221,0.5000000000038088,1.0714256142783447,12,False,6,2,0.0666666666666667,2.7600068784514343e-06
M1_N64_depolarizing_iid_p_p0.80000,1,64,depolarizing,iid_p,0.8,0.8,0.4666666666666664,0.5000013800034391,0.5333333333333332,0.4999986199965606,0.5022222222222218,0.5000000000038088,0.9374974124935516,12,False,6,2,0.0666666666666666,2.7600068784514173e-06
M1_N64_depolarizing_iid_p_p0.90000,1,64,depolarizing,iid_p,0.9,0.9,0.3999999999999997,0.5009696031488677,0.5999999999999999,0.4990303968511321,0.5199999999999996,0.5000018802605326,0.8317173280852204,12,False,6,2,0.1999999999999999,0.0019392062977356
M1_N128_depolarizing_iid_p_p0.01000,1,128,depolarizing,iid_p,0.01,0.01,0.9933333333333328,0.9977071639957024,0.0066666666666666,0.0022928360042974,0.986755555555555,0.99542484218529,0.3439254006446131,14,False,7,2,0.9866666666666664,0.995414327991405
M1_N128_depolarizing_iid_p_p0.10000,1,128,depolarizing,iid_p,0.1,0.1,0.9333333333333328,0.9687991528360216,0.0666666666666667,0.0312008471639779,0.875555555555555,0.9395452913995436,0.4680127074596685,14,False,7,2,0.8666666666666664,0.937598305672044
M1_N128_depolarizing_iid_p_p0.20000,1,128,depolarizing,iid_p,0.2,0.2,0.8666666666666661,0.905527233619544,0.1333333333333333,0.0944727663804557,0.7688888888888883,0.8289046744142408,0.7085457478534177,14,False,7,2,0.7333333333333331,0.8110544672390884
M1_N128_depolarizing_iid_p_p0.30000,1,128,depolarizing,iid_p,0.3,0.3,0.7999999999999997,0.771387510986452,0.1999999999999999,0.2286124890135477,0.6799999999999997,0.6473023622388434,1.143062445067739,14,False,7,2,0.5999999999999999,0.5427750219729043
M1_N128_depolarizing_iid_p_p0.40000,1,128,depolarizing,iid_p,0.4,0.4,0.7333333333333331,0.5905610345679941,0.2666666666666666,0.4094389654320057,0.6088888888888886,0.5164026019640509,1.5353961203700217,14,False,7,2,0.4666666666666665,0.1811220691359884
M1_N128_depolarizing_iid_p_p0.50000,1,128,depolarizing,iid_p,0.5,0.5,0.6666666666666664,0.5111554990072709,0.3333333333333332,0.4888445009927288,0.5555555555555555,0.5002488903162025,1.4665335029781872,14,False,7,2,0.3333333333333333,0.022310998014542
M1_N128_depolarizing_iid_p_p0.60000,1,128,depolarizing,iid_p,0.6,0.6,0.5999999999999998,0.5003447477382481,0.3999999999999999,0.4996552522617517,0.5199999999999998,0.5000002377020061,1.2491381306543796,14,False,7,2,0.1999999999999999,0.0006894954764962
M1_N128_depolarizing_iid_p_p0.70000,1,128,depolarizing,iid_p,0.7,0.7,0.5333333333333332,0.5000001635559631,0.4666666666666665,0.4999998364440367,0.5022222222222221,0.5000000000000535,1.0714282209515076,14,False,7,2,0.0666666666666667,3.27111926334975e-07
M1_N128_depolarizing_iid_p_p0.80000,1,128,depolarizing,iid_p,0.8,0.8,0.4666666666666664,0.4999998364440367,0.5333333333333332,0.5000001635559631,0.5022222222222218,0.5000000000000535,0.937500306667431,14,False,7,2,0.0666666666666666,3.271119263349728e-07
M1_N128_depolarizing_iid_p_p0.90000,1,128,depolarizing,iid_p,0.9,0.9,0.3999999999999997,0.4996552522617517,0.5999999999999999,0.500344747738248,0.5199999999999996,0.5000002377020061,0.8339079128970802,14,False,7,2,0.1999999999999999,0.0006894954764962
M1_N256_depolarizing_iid_p_p0.01000,1,256,depolarizing,iid_p,0.01,0.01,0.9933333333333328,0.9977070282643644,0.0066666666666666,0.0022929717356352,0.986755555555555,0.99542457196749,0.3439457603452884,16,False,8,2,0.9866666666666664,0.9954140565287292
M1_N256_depolarizing_iid_p_p0.10000,1,256,depolarizing,iid_p,0.1,0.1,0.9333333333333328,0.9687815982879387,0.0666666666666667,0.0312184017120608,0.875555555555555,0.9395123737867894,0.4682760256809118,16,False,8,2,0.8666666666666664,0.9375631965758782
M1_N256_depolarizing_iid_p_p0.20000,1,256,depolarizing,iid_p,0.2,0.2,0.8666666666666661,0.9049881661689496,0.1333333333333333,0.0950118338310502,0.7688888888888883,0.8280308294737776,0.7125887537328766,16,False,8,2,0.7333333333333331,0.8099763323378993
M1_N256_depolarizing_iid_p_p0.30000,1,256,depolarizing,iid_p,0.3,0.3,0.7999999999999997,0.7641107076971844,0.1999999999999999,0.2358892923028154,0.6799999999999997,0.6395089318406151,1.1794464615140774,16,False,8,2,0.5999999999999999,0.528221415394369
M1_N256_depolarizing_iid_p_p0.40000,1,256,depolarizing,iid_p,0.4,0.4,0.7333333333333331,0.5746391273959539,0.2666666666666666,0.4253608726040458,0.6088888888888886,0.5111419986768589,1.5951032722651723,16,False,8,2,0.4666666666666665,0.1492782547919079
M1_N256_depolarizing_iid_p_p0.50000,1,256,depolarizing,iid_p,0.5,0.5,0.6666666666666664,0.5066103275542875,0.3333333333333332,0.4933896724457123,0.5555555555555555,0.50008739286075,1.4801690173371376,16,False,8,2,0.3333333333333333,0.0132206551085751
M1_N256_depolarizing_iid_p_p0.60000,1,256,depolarizing,iid_p,0.6,0.6,0.5999999999999998,0.5001225769714409,0.3999999999999999,0.4998774230285588,0.5199999999999998,0.5000000300502276,1.2496935575713972,16,False,8,2,0.1999999999999999,0.0002451539428821
M1_N256_depolarizing_iid_p_p0.70000,1,256,depolarizing,iid_p,0.7,0.7,0.5333333333333332,0.5000000193844104,0.4666666666666665,0.4999999806155894,0.5022222222222221,0.5000000000000008,1.071428529890549,16,False,8,2,0.0666666666666667,3.8768820898960014e-08
M1_N256_depolarizing_iid_p_p0.80000,1,256,depolarizing,iid_p,0.8,0.8,0.4666666666666664,0.5000000193844104,0.5333333333333332,0.4999999806155894,0.5022222222222218,0.5000000000000008,0.9374999636542304,16,False,8,2,0.0666666666666666,3.876882089895976e-08
M1_N256_depolarizing_iid_p_p0.90000,1,256,depolarizing,iid_p,0.9,0.9,0.3999999999999997,0.500122576971441,0.5999999999999999,0.4998774230285588,0.5199999999999996,0.5000000300502279,0.8331290383809316,16,False,8,2,0.1999999999999999,0.0002451539428821
M1_N512_depolarizing_iid_p_p0.01000,1,512,depolarizing,iid_p,0.01,0.01,0.9933333333333328,0.9977069929476376,0.0066666666666666,0.0022930070523621,0.986755555555555,0.99542450165796,0.3439510578543199,18,False,9,2,0.9866666666666664,0.9954139858952756
M1_N512_depolarizing_iid_p_p0.10000,1,512,depolarizing,iid_p,0.1,0.1,0.9333333333333328,0.968775048260942,0.0666666666666667,0.0312249517390579,0.875555555555555,0.9395000917440968,0.4683742760858694,18,False,9,2,0.8666666666666664,0.9375500965218838
M1_N512_depolarizing_iid_p_p0.20000,1,512,depolarizing,iid_p,0.2,0.2,0.8666666666666661,0.9046851277002816,0.1333333333333333,0.0953148722997181,0.7688888888888883,0.8275401051635867,0.7148615422478859,18,False,9,2,0.7333333333333331,0.8093702554005635
M1_N512_depolarizing_iid_p_p0.30000,1,512,depolarizing,iid_p,0.3,0.3,0.7999999999999997,0.7582017121379541,0.1999999999999999,0.2417982878620457,0.6799999999999997,0.6333362483019419,1.2089914393102288,18,False,9,2,0.5999999999999999,0.5164034242759084
M1_N512_depolarizing_iid_p_p0.40000,1,512,depolarizing,iid_p,0.4,0.4,0.7333333333333331,0.5616461123064368,0.2666666666666666,0.438353887693563,0.6088888888888886,0.5076004863249957,1.6438270788508615,18,False,9,2,0.4666666666666665,0.1232922246128738
M1_N512_depolarizing_iid_p_p0.50000,1,512,depolarizing,iid_p,0.5,0.5,0.6666666666666664,0.5039171607049148,0.3333333333333332,0.4960828392950849,0.5555555555555555,0.5000306882959763,1.4882485178852554,18,False,9,2,0.3333333333333333,0.0078343214098298
M1_N512_depolarizing_iid_p_p0.60000,1,512,depolarizing,iid_p,0.6,0.6,0.5999999999999998,0.5000435829230819,0.3999999999999999,0.4999564170769178,0.5199999999999998,0.5000000037989424,1.249891042692295,18,False,9,2,0.1999999999999999,8.716584616406127e-05
M1_N512_depolarizing_iid_p_p0.70000,1,512,depolarizing,iid_p,0.7,0.7,0.5333333333333332,0.5000000022974115,0.4666666666666665,0.4999999977025883,0.5022222222222221,0.5,1.0714285665055467,18,False,9,2,0.0666666666666667,4.594823217654526e-09
M1_N512_depolarizing_iid_p_p0.80000,1,512,depolarizing,iid_p,0.8,0.8,0.4666666666666664,0.4999999977025883,0.5333333333333332,0.5000000022974115,0.5022222222222218,0.5,0.9375000043076468,18,False,9,2,0.0666666666666666,4.594823217654495e-09
M1_N512_depolarizing_iid_p_p0.90000,1,512,depolarizing,iid_p,0.9,0.9,0.3999999999999997,0.4999564170769179,0.5999999999999999,0.5000435829230819,0.5199999999999996,0.5000000037989424,0.8334059715384701,18,False,9,2,0.1999999999999999,8.716584616406122e-05
M1_N1024_depolarizing_iid_p_p0.01000,1,1024,depolarizing,iid_p,0.01,0.01,0.9933333333333328,0.9977069837583682,0.0066666666666666,0.0022930162416315,0.986755555555555,0.9954244833637056,0.34395243624473,20,False,10,2,0.9866666666666664,0.9954139675167368
M1_N1024_depolarizing_iid_p_p0.10000,1,1024,depolarizing,iid_p,0.1,0.1,0.9333333333333328,0.9687726041443676,0.0666666666666667,0.0312273958556319,0.875555555555555,0.9394955087925846,0.4684109378344789,20,False,10,2,0.8666666666666664,0.937545208288736
M1_N1024_depolarizing_iid_p_p0.20000,1,1024,depolarizing,iid_p,0.2,0.2,0.8666666666666661,0.9045145152761668,0.1333333333333333,0.0954854847238331,0.7688888888888883,0.8272639861382243,0.7161411354287486,20,False,10,2,0.7333333333333331,0.8090290305523334
M1_N1024_depolarizing_iid_p_p0.30000,1,1024,depolarizing,iid_p,0.3,0.3,0.7999999999999997,0.7533422686484653,0.1999999999999999,0.2466577313515345,0.6799999999999997,0.6283646101679023,1.2332886567576729,20,False,10,2,0.5999999999999999,0.5066845372969307
M1_N1024_depolarizing_iid_p_p0.40000,1,1024,depolarizing,iid_p,0.4,0.4,0.7333333333333331,0.5509872645579997,0.2666666666666666,0.4490127354420001,0.6088888888888886,0.5051994022942149,1.6837977579075007,20,False,10,2,0.4666666666666665,0.1019745291159996
M1_N1024_depolarizing_iid_p_p0.50000,1,1024,depolarizing,iid_p,0.5,0.5,0.6666666666666664,0.5023212657601991,0.3333333333333332,0.4976787342398007,0.5555555555555555,0.5000107765494589,1.4930362027194028,20,False,10,2,0.3333333333333333,0.0046425315203983
M1_N1024_depolarizing_iid_p_p0.60000,1,1024,depolarizing,iid_p,0.6,0.6,0.5999999999999998,0.5000154961504247,0.3999999999999999,0.4999845038495751,0.5199999999999998,0.5000000004802614,1.249961259623938,20,False,10,2,0.1999999999999999,3.099230084961156e-05
M1_N1024_depolarizing_iid_p_p0.70000,1,1024,depolarizing,iid_p,0.7,0.7,0.5333333333333332,0.5000000002722857,0.4666666666666665,0.4999999997277141,0.5022222222222221,0.5,1.071428570845102,20,False,10,2,0.0666666666666667,5.445716406109076e-10
M1_N1024_depolarizing_iid_p_p0.80000,1,1024,depolarizing,iid_p,0.8,0.8,0.4666666666666664,0.5000000002722857,0.5333333333333332,0.4999999997277141,0.5022222222222218,0.5,0.9374999994894642,20,False,10,2,0.0666666666666666,5.445716406109035e-10
M1_N1024_depolarizing_iid_p_p0.90000,1,1024,depolarizing,iid_p,0.9,0.9,0.3999999999999997,0.5000154961504247,0.5999999999999999,0.4999845038495751,0.5199999999999996,0.5000000004802614,0.8333075064159586,20,False,10,2,0.1999999999999999,3.0992300849611564e-05
M5_N2_depolarizing_iid_p_p0.01000,5,2,depolarizing,iid_p,0.01,0.01,0.9671081580115212,0.9912503539478024,0.032891841988477,0.0087496460521961,0.93550885152621,0.9825922514125988,0.2660126500443924,2,False,1,2,,
M5_N2_depolarizing_iid_p_p0.10000,5,2,depolarizing,iid_p,0.1,0.1,0.7082455967078174,0.8720219778874962,0.291754403292181,0.1279780221125024,0.5145392868552681,0.7630392005373122,0.4386498392771035,2,False,1,2,,
M5_N2_depolarizing_iid_p_p0.20000,5,2,depolarizing,iid_p,0.2,0.2,0.4889455144032916,0.6639977742300854,0.5110544855967079,0.3360022257699134,0.2687310970604613,0.4548110743669511,0.6574684994254514,2,False,1,2,,
M5_N2_depolarizing_iid_p_p0.30000,5,2,depolarizing,iid_p,0.3,0.3,0.3276799999999996,0.4400197568818057,0.6723199999999995,0.5599802431181936,0.1453933567999998,0.2224029195302672,0.8329073106827017,2,False,1,2,,
M5_N2_depolarizing_iid_p_p0.40000,5,2,depolarizing,iid_p,0.4,0.4,0.2120836213991768,0.2652201248908733,0.7879163786008228,0.7347798751091266,0.0836932138460735,0.1065067631763573,0.932560732414199,2,False,1,2,,
M5_N2_depolarizing_iid_p_p0.50000,5,2,depolarizing,iid_p,0.5,0.5,0.1316872427983537,0.1517929512860742,0.8683127572016449,0.8482070487139255,0.0529221494013445,0.0585400939375785,0.9768450845378396,2,False,1,2,,
M5_N2_depolarizing_iid_p_p0.60000,5,2,depolarizing,iid_p,0.6,0.6,0.0777599999999998,0.0837014291704553,0.9222399999999994,0.9162985708295436,0.0380204031999999,0.0391548534031917,0.9935576106323128,2,False,1,2,,
M5_N2_depolarizing_iid_p_p0.70000,5,2,depolarizing,iid_p,0.7,0.7,0.0431512757201645,0.0440898487588559,0.956848724279834,0.955910151241144,0.0319506447798133,0.0320424134167521,0.9990190998693168,2,False,1,2,,
M5_N2_depolarizing_iid_p_p0.80000,5,2,depolarizing,iid_p,0.8,0.8,0.0221326748971192,0.0216965354175344,0.9778673251028792,0.9783034645824652,0.0319506447798132,0.0320424134167521,1.0004460108936966,2,False,1,2,,
M5_N2_depolarizing_iid_p_p0.90000,5,2,depolarizing,iid_p,0.9,0.9,0.0102399999999999,0.0096393446915151,0.9897599999999992,0.990360655308484,0.0380204031999999,0.0391548534031917,1.0006068696537394,2,False,1,2,,
M5_N4_depolarizing_iid_p_p0.01000,5,4,depolarizing,iid_p,0.01,0.01,0.9671081580115212,0.9888255471649036,0.032891841988477,0.0111744528350954,0.93550885152621,0.9778002549278372,0.3397332639202806,4,False,2,2,,
M5_N4_depolarizing_iid_p_p0.10000,5,4,depolarizing,iid_p,0.1,0.1,0.7082455967078174,0.8040833690730782,0.291754403292181,0.1959166309269208,0.5145392868552681,0.6521170629339372,0.6715121647391821,4,False,2,2,,
M5_N4_depolarizing_iid_p_p0.20000,5,4,depolarizing,iid_p,0.2,0.2,0.4889455144032916,0.4610298412419619,0.5110544855967079,0.5389701587580376,0.2687310970604613,0.2396572321697622,1.0546236731074483,4,False,2,2,,
M5_N4_depolarizing_iid_p_p0.30000,5,4,depolarizing,iid_p,0.3,0.3,0.3276799999999996,0.210813034966614,0.6723199999999995,0.789186965033385,0.1453933567999998,0.0806356974276836,1.1738263996807854,4,False,2,2,,
M5_N4_depolarizing_iid_p_p0.40000,5,4,depolarizing,iid_p,0.4,0.4,0.2120836213991768,0.1016880691490243,0.7879163786008228,0.8983119308509755,0.0836932138460735,0.0434529527473913,1.1401107468360951,4,False,2,2,,
M5_N4_depolarizing_iid_p_p0.50000,5,4,depolarizing,iid_p,0.5,0.5,0.1316872427983537,0.057601811449888,0.8683127572016449,0.9423981885501116,0.0529221494013445,0.0339169358098404,1.0853211365766702,4,False,2,2,,
M5_N4_depolarizing_iid_p_p0.60000,5,4,depolarizing,iid_p,0.6,0.6,0.0777599999999998,0.0390657418696628,0.9222399999999994,0.9609342581303368,0.0380204031999999,0.0315738781792751,1.041956820491778,4,False,2,2,,
M5_N4_depolarizing_iid_p_p0.70000,5,4,depolarizing,iid_p,0.7,0.7,0.0431512757201645,0.0320414975979255,0.956848724279834,0.9679585024020744,0.0319506447798133,0.0312539255323706,1.0116107989072172,4,False,2,2,,
M5_N4_depolarizing_iid_p_p0.80000,5,4,depolarizing,iid_p,0.8,0.8,0.0221326748971192,0.0320414975979255,0.9778673251028792,0.9679585024020744,0.0319506447798132,0.0312539255323706,0.989866904797374,4,False,2,2,,
M5_N4_depolarizing_iid_p_p0.90000,5,4,depolarizing,iid_p,0.9,0.9,0.0102399999999999,0.0390657418696628,0.9897599999999992,0.9609342581303368,0.0380204031999999,0.0315738781792752,0.9708760286638556,4,False,2,2,,
M5_N8_depolarizing_iid_p_p0.01000,5,8,depolarizing,iid_p,0.01,0.01,0.9671081580115212,0.9881351915220352,0.032891841988477,0.0118648084779636,0.93550885152621,0.9764384906124226,0.3607219225399493,6,False,3,2,,
M5_N8_depolarizing_iid_p_p0.10000,5,8,depolarizing,iid_p,0.1,0.1,0.7082455967078174,0.7596107463488136,0.291754403292181,0.2403892536511854,0.5145392868552681,0.58489380296387,0.8239438751861602,6,False,3,2,,
M5_N8_depolarizing_iid_p_p0.20000,5,8,depolarizing,iid_p,0.2,0.2,0.4889455144032916,0.319958709962059,0.5110544855967079,0.6800412900379407,0.2687310970604613,0.1363805580415408,1.3306629903540004,6,False,3,2,,
M5_N8_depolarizing_iid_p_p0.30000,5,8,depolarizing,iid_p,0.3,0.3,0.3276799999999996,0.1154168363942796,0.6723199999999995,0.8845831636057199,0.1453933567999998,0.0471086390478299,1.3157174613364475,6,False,3,2,,
M5_N8_depolarizing_iid_p_p0.40000,5,8,depolarizing,iid_p,0.4,0.4,0.2120836213991768,0.0577205799962494,0.7879163786008228,0.94227942000375,0.0836932138460735,0.0339351746452057,1.1959129745177328,6,False,3,2,,
M5_N8_depolarizing_iid_p_p0.50000,5,8,depolarizing,iid_p,0.5,0.5,0.1316872427983537,0.0390615016638532,0.8683127572016449,0.960938498336146,0.0529221494013445,0.031573518130219,1.1066732468989753,6,False,3,2,,
M5_N8_depolarizing_iid_p_p0.60000,5,8,depolarizing,iid_p,0.6,0.6,0.0777599999999998,0.0327879110001793,0.9222399999999994,0.9672120889998204,0.0380204031999999,0.0312645345535566,1.0487639757544902,6,False,3,2,,
M5_N8_depolarizing_iid_p_p0.70000,5,8,depolarizing,iid_p,0.7,0.7,0.0431512757201645,0.0313054640505648,0.956848724279834,0.9686945359494346,0.0319506447798133,0.0312500196585606,1.0123800255662316,6,False,3,2,,
M5_N8_depolarizing_iid_p_p0.80000,5,8,depolarizing,iid_p,0.8,0.8,0.0221326748971192,0.0311946190935395,0.9778673251028792,0.96880538090646,0.0319506447798132,0.0312500196585606,0.9907329512258056,6,False,3,2,,
M5_N8_depolarizing_iid_p_p0.90000,5,8,depolarizing,iid_p,0.9,0.9,0.0102399999999999,0.0297735563794304,0.9897599999999992,0.9702264436205692,0.0380204031999999,0.0312645345535566,0.9802643505704112,6,False,3,2,,
M5_N16_depolarizing_iid_p_p0.01000,5,16,depolarizing,iid_p,0.01,0.01,0.9671081580115212,0.9879369495342836,0.032891841988477,0.0120630504657149,0.93550885152621,0.976047655432278,0.3667490093726261,8,False,4,2,,
M5_N16_depolarizing_iid_p_p0.10000,5,16,depolarizing,iid_p,0.1,0.1,0.7082455967078174,0.7272274638060475,0.291754403292181,0.2727725361939512,0.5145392868552681,0.5385835163944743,0.9349388839241608,8,False,4,2,,
M5_N16_depolarizing_iid_p_p0.20000,5,16,depolarizing,iid_p,0.2,0.2,0.4889455144032916,0.2224938560180613,0.5110544855967079,0.7775061439819384,0.2687310970604613,0.0854959397670052,1.5213762248346598,8,False,4,2,,
M5_N16_depolarizing_iid_p_p0.30000,5,16,depolarizing,iid_p,0.3,0.3,0.3276799999999996,0.0744050417194292,0.6723199999999995,0.9255949582805704,0.1453933567999998,0.0370641861262172,1.3767178698842384,8,False,4,2,,
M5_N16_depolarizing_iid_p_p0.40000,5,16,depolarizing,iid_p,0.4,0.4,0.2120836213991768,0.0426653587285487,0.7879163786008228,0.957334641271451,0.0836932138460735,0.0318915745209762,1.2150206129379872,8,False,4,2,,
M5_N16_depolarizing_iid_p_p0.50000,5,16,depolarizing,iid_p,0.5,0.5,0.1316872427983537,0.0338469503563357,0.8683127572016449,0.9661530496436638,0.0529221494013445,0.031290346131886,1.1126786306322778,8,False,4,2,,
M5_N16_depolarizing_iid_p_p0.60000,5,16,depolarizing,iid_p,0.6,0.6,0.0777599999999998,0.0315712971095334,0.9222399999999994,0.9684287028904665,0.0380204031999999,0.0312506549919199,1.0500831702056592,8,False,4,2,,
M5_N16_depolarizing_iid_p_p0.70000,5,16,depolarizing,iid_p,0.7,0.7,0.0431512757201645,0.0312539223609881,0.956848724279834,0.9687460776390115,0.0319506447798133,0.0312500000984529,1.0124338916458626,8,False,4,2,,
M5_N16_depolarizing_iid_p_p0.80000,5,16,depolarizing,iid_p,0.8,0.8,0.0221326748971192,0.0312539223609881,0.9778673251028792,0.9687460776390118,0.0319506447798132,0.0312500000984529,0.990672305710892,8,False,4,2,,
M5_N16_depolarizing_iid_p_p0.90000,5,16,depolarizing,iid_p,0.9,0.9,0.0102399999999999,0.0315712971095334,0.9897599999999992,0.968428702890466,0.0380204031999999,0.0312506549919199,0.9784480105181728,8,False,4,2,,
M5_N32_depolarizing_iid_p_p0.01000,5,32,depolarizing,iid_p,0.01,0.01,0.9671081580115212,0.987879886189875,0.032891841988477,0.0121201138101235,0.93550885152621,0.9759351719266008,0.3684838877181038,10,False,5,2,,
M5_N32_depolarizing_iid_p_p0.10000,5,32,depolarizing,iid_p,0.1,0.1,0.7082455967078174,0.7020537162438427,0.291754403292181,0.2979462837561561,0.5145392868552681,0.5041033876723562,1.021222920353919,10,False,5,2,,
M5_N32_depolarizing_iid_p_p0.20000,5,32,depolarizing,iid_p,0.2,0.2,0.4889455144032916,0.1579379784791722,0.5110544855967079,0.8420620215208279,0.2687310970604613,0.0602614903039002,1.647695197387095,10,False,5,2,,
M5_N32_depolarizing_iid_p_p0.30000,5,32,depolarizing,iid_p,0.3,0.3,0.3276799999999996,0.0550906856329413,0.6723199999999995,0.9449093143670584,0.1453933567999998,0.0335130750008358,1.4054457912408662,10,False,5,2,,
M5_N32_depolarizing_iid_p_p0.40000,5,32,depolarizing,iid_p,0.4,0.4,0.2120836213991768,0.0365305966307177,0.7879163786008228,0.9634694033692816,0.0836932138460735,0.0314064173516568,1.2228066702715394,10,False,5,2,,
M5_N32_depolarizing_iid_p_p0.50000,5,32,depolarizing,iid_p,0.5,0.5,0.1316872427983537,0.0321489190287311,0.8683127572016449,0.9678510809712682,0.0529221494013445,0.0312550489941921,1.1146341832986657,10,False,5,2,,
M5_N32_depolarizing_iid_p_p0.60000,5,32,depolarizing,iid_p,0.6,0.6,0.0777599999999998,0.0313179806276409,0.9222399999999994,0.9686820193723588,0.0380204031999999,0.0312500295224218,1.0503578454332487,10,False,5,2,,
M5_N32_depolarizing_iid_p_p0.70000,5,32,depolarizing,iid_p,0.7,0.7,0.0431512757201645,0.0312502775650831,0.956848724279834,0.9687497224349164,0.0319506447798133,0.031250000000493,1.0124377008121523,10,False,5,2,,
M5_N32_depolarizing_iid_p_p0.80000,5,32,depolarizing,iid_p,0.8,0.8,0.0221326748971192,0.0312497224370023,0.9778673251028792,0.9687502775629968,0.0319506447798132,0.031250000000493,0.9906766006943496,10,False,5,2,,
M5_N32_depolarizing_iid_p_p0.90000,5,32,depolarizing,iid_p,0.9,0.9,0.0102399999999999,0.0311821442448332,0.9897599999999992,0.968817855755166,0.0380204031999999,0.0312500295224218,0.9788411895360156,10,False,5,2,,
M5_N64_depolarizing_iid_p_p0.01000,5,64,depolarizing,iid_p,0.01,0.01,0.9671081580115212,0.987863449458603,0.032891841988477,0.0121365505413956,0.93550885152621,0.9759027731981574,0.3689836083259615,12,False,6,2,,
M5_N64_depolarizing_iid_p_p0.10000,5,64,depolarizing,iid_p,0.1,0.1,0.7082455967078174,0.6815783479886783,0.291754403292181,0.3184216520113205,0.5145392868552681,0.4770311690337299,1.0914030719612935,12,False,6,2,,
M5_N64_depolarizing_iid_p_p0.20000,5,64,depolarizing,iid_p,0.2,0.2,0.4889455144032916,0.1164194453090445,0.5110544855967079,0.8835805546909549,0.2687310970604613,0.0473718215573625,1.7289361107148586,12,False,6,2,,
M5_N64_depolarizing_iid_p_p0.30000,5,64,depolarizing,iid_p,0.3,0.3,0.3276799999999996,0.0451103412315221,0.6723199999999995,0.9548896587684772,0.1453933567999998,0.0321528006394935,1.4202904253457849,12,False,6,2,,
M5_N64_depolarizing_iid_p_p0.40000,5,64,depolarizing,iid_p,0.4,0.4,0.2120836213991768,0.0337788606594945,0.7879163786008228,0.966221139340505,0.0836932138460735,0.0312883233473071,1.2262990916070495,12,False,6,2,,
M5_N64_depolarizing_iid_p_p0.50000,5,64,depolarizing,iid_p,0.5,0.5,0.1316872427983537,0.0315656119944173,0.8683127572016449,0.9684343880055818,0.0529221494013445,0.0312506321140252,1.1153059539590364,12,False,6,2,,
M5_N64_depolarizing_iid_p_p0.60000,5,64,depolarizing,iid_p,0.6,0.6,0.0777599999999998,0.0312644221704569,0.9222399999999994,0.9687355778295428,0.0380204031999999,0.031250001330674,1.0504159197492446,12,False,6,2,,
M5_N64_depolarizing_iid_p_p0.70000,5,64,depolarizing,iid_p,0.7,0.7,0.0431512757201645,0.0312500196427374,0.956848724279834,0.968749980357262,0.0319506447798133,0.0312500000000024,1.0124379703660946,12,False,6,2,,
M5_N64_depolarizing_iid_p_p0.80000,5,64,depolarizing,iid_p,0.8,0.8,0.0221326748971192,0.0312500196427374,0.9778673251028792,0.968749980357262,0.0319506447798132,0.0312500000000024,0.990676296761774,12,False,6,2,,
M5_N64_depolarizing_iid_p_p0.90000,5,64,depolarizing,iid_p,0.9,0.9,0.0102399999999999,0.0312644221704569,0.9897599999999992,0.9687355778295428,0.0380204031999999,0.031250001330674,0.9787580603677092,12,False,6,2,,
M5_N128_depolarizing_iid_p_p0.01000,5,128,depolarizing,iid_p,0.01,0.01,0.9671081580115212,0.9878587140314546,0.032891841988477,0.0121412859685442,0.93550885152621,0.975893439233225,0.3691275779811203,14,False,7,2,,
M5_N128_depolarizing_iid_p_p0.10000,5,128,depolarizing,iid_p,0.1,0.1,0.7082455967078174,0.664354724516039,0.291754403292181,0.3356452754839601,0.5145392868552681,0.4549295867052917,1.150437737002461,14,False,7,2,,
M5_N128_depolarizing_iid_p_p0.20000,5,128,depolarizing,iid_p,0.2,0.2,0.4889455144032916,0.0897890230220397,0.5110544855967079,0.9102109769779596,0.2687310970604613,0.0404880107663683,1.7810448839230837,14,False,7,2,,
M5_N128_depolarizing_iid_p_p0.30000,5,128,depolarizing,iid_p,0.3,0.3,0.3276799999999996,0.0395789217520164,0.6723199999999995,0.9604210782479834,0.1453933567999998,0.0316137556117864,1.4285177865420993,14,False,7,2,,
M5_N128_depolarizing_iid_p_p0.40000,5,128,depolarizing,iid_p,0.4,0.4,0.2120836213991768,0.0324819503586413,0.7879163786008228,0.967518049641358,0.0836932138460735,0.0312594008347636,1.2279450915330263,14,False,7,2,,
M5_N128_depolarizing_iid_p_p0.50000,5,128,depolarizing,iid_p,0.5,0.5,0.1316872427983537,0.0313613700006162,0.8683127572016449,0.9686386299993834,0.0529221494013445,0.0312500791424453,1.1155411710419454,14,False,7,2,,
M5_N128_depolarizing_iid_p_p0.60000,5,128,depolarizing,iid_p,0.6,0.6,0.0777599999999998,0.0312530614262933,0.9222399999999994,0.9687469385737066,0.0380204031999999,0.0312500000599779,1.0504282383909906,14,False,7,2,,
M5_N128_depolarizing_iid_p_p0.70000,5,128,depolarizing,iid_p,0.7,0.7,0.0431512757201645,0.0312500013900825,0.956848724279834,0.9687499986099172,0.0319506447798133,0.03125,1.012437989441895,14,False,7,2,,
M5_N128_depolarizing_iid_p_p0.80000,5,128,depolarizing,iid_p,0.8,0.8,0.0221326748971192,0.0312499986099174,0.9778673251028792,0.968750001390082,0.0319506447798132,0.03125,0.9906763182706428,14,False,7,2,,
M5_N128_depolarizing_iid_p_p0.90000,5,128,depolarizing,iid_p,0.9,0.9,0.0102399999999999,0.0312469388273984,0.9897599999999992,0.9687530611726012,0.0380204031999999,0.0312500000599779,0.9787757245924288,14,False,7,2,,
M5_N256_depolarizing_iid_p_p0.01000,5,256,depolarizing,iid_p,0.01,0.01,0.9671081580115212,0.9878573496770516,0.032891841988477,0.0121426503229472,0.93550885152621,0.9758907499743144,0.3691690580053607,16,False,8,2,,
M5_N256_depolarizing_iid_p_p0.10000,5,256,depolarizing,iid_p,0.1,0.1,0.7082455967078174,0.6494814683860691,0.291754403292181,0.3505185316139302,0.5145392868552681,0.4363347586160132,1.2014164230553157,16,False,8,2,,
M5_N256_depolarizing_iid_p_p0.20000,5,256,depolarizing,iid_p,0.2,0.2,0.48894551440329165,0.07241618193214894,0.5110544855967079,0.9275838180678503,0.2687310970604613,0.03665605247228655,1.8150389913607787,16,False,8,2,,
