noise_type,dimension,N,physical_error_rate,iterations,logical_errors,fidelities,purities,total_swap_operations,total_amplification_iterations,memory_levels_used,final_error_reduction_ratio,convergence_achieved,noise_model_name
depolarizing,2,8,0.1,"[0, 1, 2, 3]","[0.04999999999999999, 0.027559055118110243, 0.014549190118973654, 0.007487790810549455]","[0.95, 0.9724409448818898, 0.9854508098810264, 0.9925122091894505]","[0.9, 0.9448818897637795, 0.9709016197620527, 0.9850244183789011]",7,0,3,0.14975581621098913,True,Depolarizing_d2_delta0.100
depolarizing,2,8,0.2,"[0, 1, 2, 3]","[0.09999999999999998, 0.06043956043956045, 0.03397561053676024, 0.018161044852027297]","[0.9, 0.9395604395604396, 0.9660243894632398, 0.9818389551479727]","[0.8, 0.8791208791208791, 0.9320487789264795, 0.9636779102959454]",7,0,3,0.181610448520273,True,Depolarizing_d2_delta0.200
depolarizing,2,8,0.3,"[0, 1, 2, 3]","[0.15000000000000002, 0.09885386819484243, 0.05962442795564704, 0.03346617716880623]","[0.85, 0.9011461318051576, 0.940375572044353, 0.9665338228311937]","[0.7, 0.8022922636103151, 0.8807511440887059, 0.9330676456623875]",7,0,3,0.2231078477920415,True,Depolarizing_d2_delta0.300
depolarizing,2,8,0.4,"[0, 1, 2, 3]","[0.2, 0.14285714285714285, 0.09302325581395349, 0.055522740696987594]","[0.8, 0.8571428571428572, 0.9069767441860466, 0.9444772593030124]","[0.6, 0.7142857142857143, 0.813953488372093, 0.8889545186060248]",7,0,3,0.27761370348493797,True,Depolarizing_d2_delta0.400
depolarizing,2,8,0.5,"[0, 1, 2, 3]","[0.25, 0.1923076923076923, 0.13572679509632224, 0.0873170028292733]","[0.75, 0.8076923076923077, 0.8642732049036778, 0.9126829971707267]","[0.5, 0.6153846153846154, 0.7285464098073555, 0.8253659943414534]",7,0,3,0.3492680113170932,True,Depolarizing_d2_delta0.500
depolarizing,2,8,0.6,"[0, 1, 2, 3]","[0.3, 0.24683544303797467, 0.18902229001623772, 0.1327210475470032]","[0.7, 0.7531645569620253, 0.8109777099837623, 0.8672789524529968]","[0.4, 0.5063291139240507, 0.6219554199675246, 0.7345579049059936]",7,0,3,0.44240349182334404,True,Depolarizing_d2_delta0.600
depolarizing,2,8,0.7,"[0, 1, 2, 3]","[0.35, 0.3058252427184466, 0.2534926855535944, 0.19595745479515309]","[0.65, 0.6941747572815534, 0.7465073144464056, 0.804042545204847]","[0.30000000000000004, 0.38834951456310685, 0.4930146288928113, 0.6080850904096938]",7,0,3,0.559878442271866,True,Depolarizing_d2_delta0.700
depolarizing,2,8,0.8,"[0, 1, 2, 3]","[0.4, 0.368421052631579, 0.3285198555956679, 0.27998595388191233]","[0.6, 0.631578947368421, 0.6714801444043321, 0.7200140461180877]","[0.19999999999999996, 0.26315789473684204, 0.3429602888086642, 0.44002809223617534]",7,0,3,0.6999648847047808,True,Depolarizing_d2_delta0.800
depolarizing,2,16,0.1,"[0, 1, 2, 3, 4]","[0.04999999999999999, 0.027559055118110243, 0.014549190118973654, 0.007487790810549455, 0.0038001707301427157]","[0.95, 0.9724409448818898, 0.9854508098810264, 0.9925122091894505, 0.9961998292698573]","[0.9, 0.9448818897637795, 0.9709016197620527, 0.9850244183789011, 0.9923996585397146]",15,0,4,0.07600341460285433,True,Depolarizing_d2_delta0.100
depolarizing,2,16,0.2,"[0, 1, 2, 3, 4]","[0.09999999999999998, 0.06043956043956045, 0.03397561053676024, 0.018161044852027297, 0.009413284561262059]","[0.9, 0.9395604395604396, 0.9660243894632398, 0.9818389551479727, 0.990586715438738]","[0.8, 0.8791208791208791, 0.9320487789264795, 0.9636779102959454, 0.9811734308774759]",15,0,4,0.09413284561262061,True,Depolarizing_d2_delta0.200
depolarizing,2,16,0.3,"[0, 1, 2, 3, 4]","[0.15000000000000002, 0.09885386819484243, 0.05962442795564704, 0.03346617716880623, 0.0178711445677599]","[0.85, 0.9011461318051576, 0.940375572044353, 0.9665338228311937, 0.98212885543224]","[0.7, 0.8022922636103151, 0.8807511440887059, 0.9330676456623875, 0.9642577108644802]",15,0,4,0.11914096378506599,True,Depolarizing_d2_delta0.300
depolarizing,2,16,0.4,"[0, 1, 2, 3, 4]","[0.2, 0.14285714285714285, 0.09302325581395349, 0.055522740696987594, 0.030924433981125543]","[0.8, 0.8571428571428572, 0.9069767441860466, 0.9444772593030124, 0.9690755660188745]","[0.6, 0.7142857142857143, 0.813953488372093, 0.8889545186060248, 0.9381511320377489]",15,0,4,0.15462216990562772,True,Depolarizing_d2_delta0.400
depolarizing,2,16,0.5,"[0, 1, 2, 3, 4]","[0.25, 0.1923076923076923, 0.13572679509632224, 0.0873170028292733, 0.05158128504231457]","[0.75, 0.8076923076923077, 0.8642732049036778, 0.9126829971707267, 0.9484187149576855]","[0.5, 0.6153846153846154, 0.7285464098073555, 0.8253659943414534, 0.8968374299153709]",15,0,4,0.2063251401692583,True,Depolarizing_d2_delta0.500
depolarizing,2,16,0.6,"[0, 1, 2, 3, 4]","[0.3, 0.24683544303797467, 0.18902229001623772, 0.1327210475470032, 0.08494574100110652]","[0.7, 0.7531645569620253, 0.8109777099837623, 0.8672789524529968, 0.9150542589988935]","[0.4, 0.5063291139240507, 0.6219554199675246, 0.7345579049059936, 0.830108517997787]",15,0,4,0.28315247000368843,True,Depolarizing_d2_delta0.600
depolarizing,2,16,0.7,"[0, 1, 2, 3, 4]","[0.35, 0.3058252427184466, 0.2534926855535944, 0.19595745479515309, 0.13909373894318044]","[0.65, 0.6941747572815534, 0.7465073144464056, 0.804042545204847, 0.8609062610568196]","[0.30000000000000004, 0.38834951456310685, 0.4930146288928113, 0.6080850904096938, 0.7218125221136391]",15,0,4,0.3974106826948013,True,Depolarizing_d2_delta0.700
depolarizing,2,16,0.8,"[0, 1, 2, 3, 4]","[0.4, 0.368421052631579, 0.3285198555956679, 0.27998595388191233, 0.22443343814890537]","[0.6, 0.631578947368421, 0.6714801444043321, 0.7200140461180877, 0.7755665618510946]","[0.19999999999999996, 0.26315789473684204, 0.3429602888086642, 0.44002809223617534, 0.5511331237021893]",15,0,4,0.5610835953722634,True,Depolarizing_d2_delta0.800
depolarizing,2,32,0.1,"[0, 1, 2, 3, 4, 5]","[0.04999999999999999, 0.027559055118110243, 0.014549190118973654, 0.007487790810549455, 0.0038001707301427157, 0.00191455399727819]","[0.95, 0.9724409448818898, 0.9854508098810264, 0.9925122091894505, 0.9961998292698573, 0.9980854460027218]","[0.9, 0.9448818897637795, 0.9709016197620527, 0.9850244183789011, 0.9923996585397146, 0.9961708920054436]",31,0,5,0.038291079945563807,True,Depolarizing_d2_delta0.100
depolarizing,2,32,0.2,"[0, 1, 2, 3, 4, 5]","[0.09999999999999998, 0.06043956043956045, 0.03397561053676024, 0.018161044852027297, 0.009413284561262059, 0.004795665261973114]","[0.9, 0.9395604395604396, 0.9660243894632398, 0.9818389551479727, 0.990586715438738, 0.9952043347380268]","[0.8, 0.8791208791208791, 0.9320487789264795, 0.9636779102959454, 0.9811734308774759, 0.9904086694760538]",31,0,5,0.04795665261973116,True,Depolarizing_d2_delta0.200
depolarizing,2,32,0.3,"[0, 1, 2, 3, 4, 5]","[0.15000000000000002, 0.09885386819484243, 0.05962442795564704, 0.03346617716880623, 0.0178711445677599, 0.00925775107555743]","[0.85, 0.9011461318051576, 0.940375572044353, 0.9665338228311937, 0.98212885543224, 0.9907422489244426]","[0.7, 0.8022922636103151, 0.8807511440887059, 0.9330676456623875, 0.9642577108644802, 0.9814844978488851]",31,0,5,0.06171834050371619,True,Depolarizing_d2_delta0.300
depolarizing,2,32,0.4,"[0, 1, 2, 3, 4, 5]","[0.2, 0.14285714285714285, 0.09302325581395349, 0.055522740696987594, 0.030924433981125543, 0.016432838465105015]","[0.8, 0.8571428571428572, 0.9069767441860466, 0.9444772593030124, 0.9690755660188745, 0.983567161534895]","[0.6, 0.7142857142857143, 0.813953488372093, 0.8889545186060248, 0.9381511320377489, 0.96713432306979]",31,0,5,0.08216419232552508,True,Depolarizing_d2_delta0.400
depolarizing,2,32,0.5,"[0, 1, 2, 3, 4, 5]","[0.25, 0.1923076923076923, 0.13572679509632224, 0.0873170028292733, 0.05158128504231457, 0.028515977323784802]","[0.75, 0.8076923076923077, 0.8642732049036778, 0.9126829971707267, 0.9484187149576855, 0.9714840226762151]","[0.5, 0.6153846153846154, 0.7285464098073555, 0.8253659943414534, 0.8968374299153709, 0.9429680453524304]",31,0,5,0.11406390929513921,True,Depolarizing_d2_delta0.500
depolarizing,2,32,0.6,"[0, 1, 2, 3, 4, 5]","[0.3, 0.24683544303797467, 0.18902229001623772, 0.1327210475470032, 0.08494574100110652, 0.049964498534438684]","[0.7, 0.7531645569620253, 0.8109777099837623, 0.8672789524529968, 0.9150542589988935, 0.9500355014655613]","[0.4, 0.5063291139240507, 0.6219554199675246, 0.7345579049059936, 0.830108517997787, 0.9000710029311226]",31,0,5,0.16654832844812895,True,Depolarizing_d2_delta0.600
depolarizing,2,32,0.7,"[0, 1, 2, 3, 4, 5]","[0.35, 0.3058252427184466, 0.2534926855535944, 0.19595745479515309, 0.13909373894318044, 0.08999727799255686]","[0.65, 0.6941747572815534, 0.7465073144464056, 0.804042545204847, 0.8609062610568196, 0.9100027220074431]","[0.30000000000000004, 0.38834951456310685, 0.4930146288928113, 0.6080850904096938, 0.7218125221136391, 0.8200054440148863]",31,0,5,0.2571350799787339,True,Depolarizing_d2_delta0.700
depolarizing,2,32,0.8,"[0, 1, 2, 3, 4, 5]","[0.4, 0.368421052631579, 0.3285198555956679, 0.27998595388191233, 0.22443343814890537, 0.16635883220815212]","[0.6, 0.631578947368421, 0.6714801444043321, 0.7200140461180877, 0.7755665618510946, 0.8336411677918478]","[0.19999999999999996, 0.26315789473684204, 0.3429602888086642, 0.44002809223617534, 0.5511331237021893, 0.6672823355836958]",31,0,5,0.41589708052038027,True,Depolarizing_d2_delta0.800
depolarizing,2,64,0.1,"[0, 1, 2, 3, 4, 5, 6]","[0.04999999999999999, 0.027559055118110243, 0.014549190118973654, 0.007487790810549455, 0.0038001707301427157, 0.00191455399727819, 0.0009609460178189866]","[0.95, 0.9724409448818898, 0.9854508098810264, 0.9925122091894505, 0.9961998292698573, 0.9980854460027218, 0.999039053982181]","[0.9, 0.9448818897637795, 0.9709016197620527, 0.9850244183789011, 0.9923996585397146, 0.9961708920054436, 0.998078107964362]",63,0,6,0.019218920356379735,True,Depolarizing_d2_delta0.100
depolarizing,2,64,0.2,"[0, 1, 2, 3, 4, 5, 6]","[0.09999999999999998, 0.06043956043956045, 0.03397561053676024, 0.018161044852027297, 0.009413284561262059, 0.004795665261973114, 0.0024208859156122364]","[0.9, 0.9395604395604396, 0.9660243894632398, 0.9818389551479727, 0.990586715438738, 0.9952043347380268, 0.9975791140843877]","[0.8, 0.8791208791208791, 0.9320487789264795, 0.9636779102959454, 0.9811734308774759, 0.9904086694760538, 0.9951582281687755]",63,0,6,0.02420885915612237,True,Depolarizing_d2_delta0.200
depolarizing,2,64,0.3,"[0, 1, 2, 3, 4, 5, 6]","[0.15000000000000002, 0.09885386819484243, 0.05962442795564704, 0.03346617716880623, 0.0178711445677599, 0.00925775107555743, 0.004714974473884026]","[0.85, 0.9011461318051576, 0.940375572044353, 0.9665338228311937, 0.98212885543224, 0.9907422489244426, 0.995285025526116]","[0.7, 0.8022922636103151, 0.8807511440887059, 0.9330676456623875, 0.9642577108644802, 0.9814844978488851, 0.990570051052232]",63,0,6,0.03143316315922683,True,Depolarizing_d2_delta0.300
depolarizing,2,64,0.4,"[0, 1, 2, 3, 4, 5, 6]","[0.2, 0.14285714285714285, 0.09302325581395349, 0.055522740696987594, 0.030924433981125543, 0.016432838465105015, 0.008488638491187972]","[0.8, 0.8571428571428572, 0.9069767441860466, 0.9444772593030124, 0.9690755660188745, 0.983567161534895, 0.991511361508812]","[0.6, 0.7142857142857143, 0.813953488372093, 0.8889545186060248, 0.9381511320377489, 0.96713432306979, 0.9830227230176241]",63,0,6,0.04244319245593986,True,Depolarizing_d2_delta0.400
depolarizing,2,64,0.5,"[0, 1, 2, 3, 4, 5, 6]","[0.25, 0.1923076923076923, 0.13572679509632224, 0.0873170028292733, 0.05158128504231457, 0.028515977323784802, 0.015082393932659255]","[0.75, 0.8076923076923077, 0.8642732049036778, 0.9126829971707267, 0.9484187149576855, 0.9714840226762151, 0.9849176060673408]","[0.5, 0.6153846153846154, 0.7285464098073555, 0.8253659943414534, 0.8968374299153709, 0.9429680453524304, 0.9698352121346815]",63,0,6,0.06032957573063702,True,Depolarizing_d2_delta0.500
depolarizing,2,64,0.6,"[0, 1, 2, 3, 4, 5, 6]","[0.3, 0.24683544303797467, 0.18902229001623772, 0.1327210475470032, 0.08494574100110652, 0.049964498534438684, 0.02753763246795954]","[0.7, 0.7531645569620253, 0.8109777099837623, 0.8672789524529968, 0.9150542589988935, 0.9500355014655613, 0.9724623675320405]","[0.4, 0.5063291139240507, 0.6219554199675246, 0.7345579049059936, 0.830108517997787, 0.9000710029311226, 0.9449247350640809]",63,0,6,0.0917921082265318,True,Depolarizing_d2_delta0.600
depolarizing,2,64,0.7,"[0, 1, 2, 3, 4, 5, 6]","[0.35, 0.3058252427184466, 0.2534926855535944, 0.19595745479515309, 0.13909373894318044, 0.08999727799255686, 0.053423673646459835]","[0.65, 0.6941747572815534, 0.7465073144464056, 0.804042545204847, 0.8609062610568196, 0.9100027220074431, 0.9465763263535402]","[0.30000000000000004, 0.38834951456310685, 0.4930146288928113, 0.6080850904096938, 0.7218125221136391, 0.8200054440148863, 0.8931526527070803]",63,0,6,0.15263906756131382,True,Depolarizing_d2_delta0.700
depolarizing,2,64,0.8,"[0, 1, 2, 3, 4, 5, 6]","[0.4, 0.368421052631579, 0.3285198555956679, 0.27998595388191233, 0.22443343814890537, 0.16635883220815212, 0.11263810068147184]","[0.6, 0.631578947368421, 0.6714801444043321, 0.7200140461180877, 0.7755665618510946, 0.8336411677918478, 0.8873618993185282]","[0.19999999999999996, 0.26315789473684204, 0.3429602888086642, 0.44002809223617534, 0.5511331237021893, 0.6672823355836958, 0.7747237986370563]",63,0,6,0.2815952517036796,True,Depolarizing_d2_delta0.800
depolarizing,3,8,0.1,"[0, 1, 2, 3]","[0.06666666666666665, 0.03677342823250296, 0.01941920073609597, 0.00999514756656709]","[0.9333333333333333, 0.963226571767497, 0.9805807992639041, 0.990004852433433]","[0.9, 0.9448398576512456, 0.970871198895856, 0.9850072786501494]",7,0,3,0.14992721349850638,True,Depolarizing_d3_delta0.100
depolarizing,3,8,0.2,"[0, 1, 2, 3]","[0.1333333333333333, 0.08080808080808073, 0.045489676493319996, 0.02433122376564441]","[0.8666666666666667, 0.9191919191919192, 0.95451032350668, 0.9756687762343556]","[0.8, 0.8787878787878789, 0.93176548526002, 0.9635031643515334]",7,0,3,0.18248417824233312,True,Depolarizing_d3_delta0.200
depolarizing,3,8,0.3,"[0, 1, 2, 3]","[0.20000000000000004, 0.13253012048192772, 0.08023241438991217, 0.04512840107854199]","[0.7999999999999999, 0.8674698795180723, 0.9197675856100879, 0.954871598921458]","[0.7, 0.8012048192771084, 0.8796513784151317, 0.932307398382187]",7,0,3,0.2256420053927099,True,Depolarizing_d3_delta0.300
depolarizing,3,8,0.4,"[0, 1, 2, 3]","[0.26666666666666666, 0.192090395480226, 0.12598365039346016, 0.07558219207973409]","[0.7333333333333333, 0.807909604519774, 0.8740163496065398, 0.924417807920266]","[0.6, 0.711864406779661, 0.8110245244098098, 0.8866267118803989]",7,0,3,0.2834332202990028,True,Depolarizing_d3_delta0.400
depolarizing,3,8,0.5,"[0, 1, 2, 3]","[0.3333333333333333, 0.2592592592592593, 0.18508885999133065, 0.12028117260155231]","[0.6666666666666666, 0.7407407407407407, 0.8149111400086694, 0.8797188273984476]","[0.5, 0.611111111111111, 0.722366710013004, 0.8195782410976715]",7,0,3,0.36084351780465695,True,Depolarizing_d3_delta0.500
depolarizing,3,8,0.6,"[0, 1, 2, 3]","[0.39999999999999997, 0.3333333333333333, 0.2592592592592593, 0.18508885999133065]","[0.6, 0.6666666666666666, 0.7407407407407407, 0.8149111400086694]","[0.4, 0.49999999999999994, 0.611111111111111, 0.722366710013004]",7,0,3,0.46272214997832667,True,Depolarizing_d3_delta0.600
depolarizing,3,8,0.7,"[0, 1, 2, 3]","[0.4666666666666666, 0.41307814992025516, 0.3485781280160684, 0.27562482882309897]","[0.5333333333333333, 0.5869218500797448, 0.6514218719839315, 0.724375171176901]","[0.30000000000000004, 0.38038277511961727, 0.47713280797589736, 0.5865627567653515]",7,0,3,0.590624633192355,True,Depolarizing_d3_delta0.700
depolarizing,3,8,0.8,"[0, 1, 2, 3]","[0.5333333333333333, 0.49673202614379086, 0.45044374107863216, 0.3932372779824493]","[0.4666666666666666, 0.5032679738562091, 0.5495562589213678, 0.6067627220175507]","[0.19999999999999996, 0.25490196078431365, 0.3243343883820517, 0.41014408302632605]",7,0,3,0.7373198962170924,True,Depolarizing_d3_delta0.800
depolarizing,3,16,0.1,"[0, 1, 2, 3, 4]","[0.06666666666666665, 0.03677342823250296, 0.01941920073609597, 0.00999514756656709, 0.00507287355035609]","[0.9333333333333333, 0.963226571767497, 0.9805807992639041, 0.990004852433433, 0.9949271264496439]","[0.9, 0.9448398576512456, 0.970871198895856, 0.9850072786501494, 0.9923906896744659]",15,0,4,0.07609310325534137,True,Depolarizing_d3_delta0.100
depolarizing,3,16,0.2,"[0, 1, 2, 3, 4]","[0.1333333333333333, 0.08080808080808073, 0.045489676493319996, 0.02433122376564441, 0.012614950049995688]","[0.8666666666666667, 0.9191919191919192, 0.95451032350668, 0.9756687762343556, 0.9873850499500043]","[0.8, 0.8787878787878789, 0.93176548526002, 0.9635031643515334, 0.9810775749250065]",15,0,4,0.09461212537496769,True,Depolarizing_d3_delta0.200
depolarizing,3,16,0.3,"[0, 1, 2, 3, 4]","[0.20000000000000004, 0.13253012048192772, 0.08023241438991217, 0.04512840107854199, 0.024125227024569096]","[0.7999999999999999, 0.8674698795180723, 0.9197675856100879, 0.954871598921458, 0.9758747729754309]","[0.7, 0.8012048192771084, 0.8796513784151317, 0.932307398382187, 0.9638121594631464]",15,0,4,0.12062613512284545,True,Depolarizing_d3_delta0.300
depolarizing,3,16,0.4,"[0, 1, 2, 3, 4]","[0.26666666666666666, 0.192090395480226, 0.12598365039346016, 0.07558219207973409, 0.042230177109146595]","[0.7333333333333333, 0.807909604519774, 0.8740163496065398, 0.924417807920266, 0.9577698228908534]","[0.6, 0.711864406779661, 0.8110245244098098, 0.8866267118803989, 0.9366547343362801]",15,0,4,0.15836316415929974,True,Depolarizing_d3_delta0.400
depolarizing,3,16,0.5,"[0, 1, 2, 3, 4]","[0.3333333333333333, 0.2592592592592593, 0.18508885999133065, 0.12028117260155231, 0.07159180342659936]","[0.6666666666666666, 0.7407407407407407, 0.8149111400086694, 0.8797188273984476, 0.9284081965734007]","[0.5, 0.611111111111111, 0.722366710013004, 0.8195782410976715, 0.892612294860101]",15,0,4,0.2147754102797981,True,Depolarizing_d3_delta0.500
depolarizing,3,16,0.6,"[0, 1, 2, 3, 4]","[0.39999999999999997, 0.3333333333333333, 0.2592592592592593, 0.18508885999133065, 0.12028117260155231]","[0.6, 0.6666666666666666, 0.7407407407407407, 0.8149111400086694, 0.8797188273984476]","[0.4, 0.49999999999999994, 0.611111111111111, 0.722366710013004, 0.8195782410976715]",15,0,4,0.30070293150388083,True,Depolarizing_d3_delta0.600
depolarizing,3,16,0.7,"[0, 1, 2, 3, 4]","[0.4666666666666666, 0.41307814992025516, 0.3485781280160684, 0.27562482882309897, 0.2006837953095637]","[0.5333333333333333, 0.5869218500797448, 0.6514218719839315, 0.724375171176901, 0.7993162046904363]","[0.30000000000000004, 0.38038277511961727, 0.47713280797589736, 0.5865627567653515, 0.6989743070356544]",15,0,4,0.4300367042347794,True,Depolarizing_d3_delta0.700
depolarizing,3,16,0.8,"[0, 1, 2, 3, 4]","[0.5333333333333333, 0.49673202614379086, 0.45044374107863216, 0.3932372779824493, 0.32553577620239654]","[0.4666666666666666, 0.5032679738562091, 0.5495562589213678, 0.6067627220175507, 0.6744642237976034]","[0.19999999999999996, 0.25490196078431365, 0.3243343883820517, 0.41014408302632605, 0.5116963356964052]",15,0,4,0.6103795803794936,True,Depolarizing_d3_delta0.800
depolarizing,3,32,0.1,"[0, 1, 2, 3, 4, 5]","[0.06666666666666665, 0.03677342823250296, 0.01941920073609597, 0.00999514756656709, 0.00507287355035609, 0.0025557861385566336]","[0.9333333333333333, 0.963226571767497, 0.9805807992639041, 0.990004852433433, 0.9949271264496439, 0.9974442138614433]","[0.9, 0.9448398576512456, 0.970871198895856, 0.9850072786501494, 0.9923906896744659, 0.996166320792165]",31,0,5,0.038336792078349516,True,Depolarizing_d3_delta0.100
depolarizing,3,32,0.2,"[0, 1, 2, 3, 4, 5]","[0.1333333333333333, 0.08080808080808073, 0.045489676493319996, 0.02433122376564441, 0.012614950049995688, 0.0064275756634645615]","[0.8666666666666667, 0.9191919191919192, 0.95451032350668, 0.9756687762343556, 0.9873850499500043, 0.9935724243365355]","[0.8, 0.8787878787878789, 0.93176548526002, 0.9635031643515334, 0.9810775749250065, 0.9903586365048032]",31,0,5,0.04820681747598422,True,Depolarizing_d3_delta0.200
depolarizing,3,32,0.3,"[0, 1, 2, 3, 4, 5]","[0.20000000000000004, 0.13253012048192772, 0.08023241438991217, 0.04512840107854199, 0.024125227024569096, 0.01250433160580148]","[0.7999999999999999, 0.8674698795180723, 0.9197675856100879, 0.954871598921458, 0.9758747729754309, 0.9874956683941986]","[0.7, 0.8012048192771084, 0.8796513784151317, 0.932307398382187, 0.9638121594631464, 0.9812435025912978]",31,0,5,0.06252165802900739,True,Depolarizing_d3_delta0.300
depolarizing,3,32,0.4,"[0, 1, 2, 3, 4, 5]","[0.26666666666666666, 0.192090395480226, 0.12598365039346016, 0.07558219207973409, 0.042230177109146595, 0.0224802105930626]","[0.7333333333333333, 0.807909604519774, 0.8740163496065398, 0.924417807920266, 0.9577698228908534, 0.9775197894069374]","[0.6, 0.711864406779661, 0.8110245244098098, 0.8866267118803989, 0.9366547343362801, 0.9662796841104061]",31,0,5,0.08430078972398475,True,Depolarizing_d3_delta0.400
depolarizing,3,32,0.5,"[0, 1, 2, 3, 4, 5]","[0.3333333333333333, 0.2592592592592593, 0.18508885999133065, 0.12028117260155231, 0.07159180342659936, 0.03977169144635543]","[0.6666666666666666, 0.7407407407407407, 0.8149111400086694, 0.8797188273984476, 0.9284081965734007, 0.9602283085536446]","[0.5, 0.611111111111111, 0.722366710013004, 0.8195782410976715, 0.892612294860101, 0.9403424628304669]",31,0,5,0.1193150743390663,True,Depolarizing_d3_delta0.500
depolarizing,3,32,0.6,"[0, 1, 2, 3, 4, 5]","[0.39999999999999997, 0.3333333333333333, 0.2592592592592593, 0.18508885999133065, 0.12028117260155231, 0.07159180342659936]","[0.6, 0.6666666666666666, 0.7407407407407407, 0.8149111400086694, 0.8797188273984476, 0.9284081965734007]","[0.4, 0.49999999999999994, 0.611111111111111, 0.722366710013004, 0.8195782410976715, 0.892612294860101]",31,0,5,0.1789795085664984,True,Depolarizing_d3_delta0.600
depolarizing,3,32,0.7,"[0, 1, 2, 3, 4, 5]","[0.4666666666666666, 0.41307814992025516, 0.3485781280160684, 0.27562482882309897, 0.2006837953095637, 0.13310127376169603]","[0.5333333333333333, 0.5869218500797448, 0.6514218719839315, 0.724375171176901, 0.7993162046904363, 0.866898726238304]","[0.30000000000000004, 0.38038277511961727, 0.47713280797589736, 0.5865627567653515, 0.6989743070356544, 0.8003480893574559]",31,0,5,0.2852170152036344,True,Depolarizing_d3_delta0.700
depolarizing,3,32,0.8,"[0, 1, 2, 3, 4, 5]","[0.5333333333333333, 0.49673202614379086, 0.45044374107863216, 0.3932372779824493, 0.32553577620239654, 0.25102816404180955]","[0.4666666666666666, 0.5032679738562091, 0.5495562589213678, 0.6067627220175507, 0.6744642237976034, 0.7489718359581904]","[0.19999999999999996, 0.25490196078431365, 0.3243343883820517, 0.41014408302632605, 0.5116963356964052, 0.6234577539372856]",31,0,5,0.4706778075783929,True,Depolarizing_d3_delta0.800
depolarizing,3,64,0.1,"[0, 1, 2, 3, 4, 5, 6]","[0.06666666666666665, 0.03677342823250296, 0.01941920073609597, 0.00999514756656709, 0.00507287355035609, 0.0025557861385566336, 0.0012827983537557024]","[0.9333333333333333, 0.963226571767497, 0.9805807992639041, 0.990004852433433, 0.9949271264496439, 0.9974442138614433, 0.9987172016462443]","[0.9, 0.9448398576512456, 0.970871198895856, 0.9850072786501494, 0.9923906896744659, 0.996166320792165, 0.9980758024693664]",63,0,6,0.01924197530633554,True,Depolarizing_d3_delta0.100
depolarizing,3,64,0.2,"[0, 1, 2, 3, 4, 5, 6]","[0.1333333333333333, 0.08080808080808073, 0.045489676493319996, 0.02433122376564441, 0.012614950049995688, 0.0064275756634645615, 0.003244872383388738]","[0.8666666666666667, 0.9191919191919192, 0.95451032350668, 0.9756687762343556, 0.9873850499500043, 0.9935724243365355, 0.9967551276166112]","[0.8, 0.8787878787878789, 0.93176548526002, 0.9635031643515334, 0.9810775749250065, 0.9903586365048032, 0.9951326914249169]",63,0,6,0.02433654287541554,True,Depolarizing_d3_delta0.200
depolarizing,3,64,0.3,"[0, 1, 2, 3, 4, 5, 6]","[0.20000000000000004, 0.13253012048192772, 0.08023241438991217, 0.04512840107854199, 0.024125227024569096, 0.01250433160580148, 0.0063701629895981755]","[0.7999999999999999, 0.8674698795180723, 0.9197675856100879, 0.954871598921458, 0.9758747729754309, 0.9874956683941986, 0.9936298370104019]","[0.7, 0.8012048192771084, 0.8796513784151317, 0.932307398382187, 0.9638121594631464, 0.9812435025912978, 0.9904447555156027]",63,0,6,0.03185081494799087,True,Depolarizing_d3_delta0.300
depolarizing,3,64,0.4,"[0, 1, 2, 3, 4, 5, 6]","[0.26666666666666666, 0.192090395480226, 0.12598365039346016, 0.07558219207973409, 0.042230177109146595, 0.0224802105930626, 0.01162333480255473]","[0.7333333333333333, 0.807909604519774, 0.8740163496065398, 0.924417807920266, 0.9577698228908534, 0.9775197894069374, 0.9883766651974453]","[0.6, 0.711864406779661, 0.8110245244098098, 0.8866267118803989, 0.9366547343362801, 0.9662796841104061, 0.9825649977961679]",63,0,6,0.04358750550958024,True,Depolarizing_d3_delta0.400
depolarizing,3,64,0.5,"[0, 1, 2, 3, 4, 5, 6]","[0.3333333333333333, 0.2592592592592593, 0.18508885999133065, 0.12028117260155231, 0.07159180342659936, 0.03977169144635543, 0.021095260615772604]","[0.6666666666666666, 0.7407407407407407, 0.8149111400086694, 0.8797188273984476, 0.9284081965734007, 0.9602283085536446, 0.9789047393842274]","[0.5, 0.611111111111111, 0.722366710013004, 0.8195782410976715, 0.892612294860101, 0.9403424628304669, 0.9683571090763411]",63,0,6,0.06328578184731781,True,Depolarizing_d3_delta0.500
depolarizing,3,64,0.6,"[0, 1, 2, 3, 4, 5, 6]","[0.39999999999999997, 0.3333333333333333, 0.2592592592592593, 0.18508885999133065, 0.12028117260155231, 0.07159180342659936, 0.03977169144635543]","[0.6, 0.6666666666666666, 0.7407407407407407, 0.8149111400086694, 0.8797188273984476, 0.9284081965734007, 0.9602283085536446]","[0.4, 0.49999999999999994, 0.611111111111111, 0.722366710013004, 0.8195782410976715, 0.892612294860101, 0.9403424628304669]",63,0,6,0.09942922861588858,True,Depolarizing_d3_delta0.600
depolarizing,3,64,0.7,"[0, 1, 2, 3, 4, 5, 6]","[0.4666666666666666, 0.41307814992025516, 0.3485781280160684, 0.27562482882309897, 0.2006837953095637, 0.13310127376169603, 0.08064164768193945]","[0.5333333333333333, 0.5869218500797448, 0.6514218719839315, 0.724375171176901, 0.7993162046904363, 0.866898726238304, 0.9193583523180605]","[0.30000000000000004, 0.38038277511961727, 0.47713280797589736, 0.5865627567653515, 0.6989743070356544, 0.8003480893574559, 0.8790375284770908]",63,0,6,0.17280353074701313,True,Depolarizing_d3_delta0.700
depolarizing,3,64,0.8,"[0, 1, 2, 3, 4, 5, 6]","[0.5333333333333333, 0.49673202614379086, 0.45044374107863216, 0.3932372779824493, 0.32553577620239654, 0.25102816404180955, 0.17742021875601025]","[0.4666666666666666, 0.5032679738562091, 0.5495562589213678, 0.6067627220175507, 0.6744642237976034, 0.7489718359581904, 0.8225797812439898]","[0.19999999999999996, 0.25490196078431365, 0.3243343883820517, 0.41014408302632605, 0.5116963356964052, 0.6234577539372856, 0.7338696718659846]",63,0,6,0.3326629101675192,True,Depolarizing_d3_delta0.800
depolarizing,4,8,0.1,"[0, 1, 2, 3]","[0.07499999999999998, 0.041386271870794106, 0.021858279639046047, 0.011251116871142247]","[0.925, 0.9586137281292059, 0.9781417203609539, 0.9887488831288578]","[0.9, 0.9448183041722745, 0.9708556271479386, 0.984998510838477]",7,0,3,0.15001489161523,True,Depolarizing_d4_delta0.100
depolarizing,4,8,0.2,"[0, 1, 2, 3]","[0.14999999999999997, 0.09104046242774566, 0.05128746740227533, 0.02744141368794928]","[0.8500000000000001, 0.9089595375722543, 0.9487125325977247, 0.9725585863120507]","[0.8, 0.8786127167630058, 0.9316167101302996, 0.9634114484160676]",7,0,3,0.18294275791966189,True,Depolarizing_d4_delta0.200
depolarizing,4,8,0.3,"[0, 1, 2, 3]","[0.22500000000000003, 0.14953632148377125, 0.09070676604036473, 0.05107758374305879]","[0.7749999999999999, 0.8504636785162287, 0.9092932339596352, 0.9489224162569412]","[0.7, 0.8006182380216383, 0.8790576452795137, 0.931896555009255]",7,0,3,0.22701148330248347,True,Depolarizing_d4_delta0.300
depolarizing,4,8,0.4,"[0, 1, 2, 3]","[0.30000000000000004, 0.21710526315789466, 0.1429520569788455, 0.08600478231810355]","[0.7, 0.7828947368421053, 0.8570479430211545, 0.9139952176818964]","[0.6, 0.7105263157894738, 0.8093972573615393, 0.8853269569091953]",7,0,3,0.28668260772701176,True,Depolarizing_d4_delta0.400
depolarizing,4,8,0.5,"[0, 1, 2, 3]","[0.375, 0.2934782608695652, 0.21087225487163622, 0.13782499329979983]","[0.625, 0.7065217391304348, 0.7891277451283638, 0.8621750067002002]","[0.5, 0.6086956521739131, 0.718836993504485, 0.8162333422669336]",7,0,3,0.3675333154661329,True,Depolarizing_d4_delta0.500
depolarizing,4,8,0.6,"[0, 1, 2, 3]","[0.44999999999999996, 0.3777372262773722, 0.2964225702535347, 0.21367789665027667]","[0.55, 0.6222627737226277, 0.7035774297464653, 0.7863221033497233]","[0.4, 0.49635036496350365, 0.6047699063286204, 0.7150961377996311]",7,0,3,0.4748397703339482,True,Depolarizing_d4_delta0.600
depolarizing,4,8,0.7,"[0, 1, 2, 3]","[0.5249999999999999, 0.46821631878557873, 0.3992212152375059, 0.3198921915759523]","[0.47500000000000003, 0.5317836812144212, 0.6007787847624941, 0.6801078084240477]","[0.30000000000000004, 0.3757115749525617, 0.4677050463499921, 0.5734770778987303]",7,0,3,0.6093184601446711,True,Depolarizing_d4_delta0.700
depolarizing,4,8,0.8,"[0, 1, 2, 3]","[0.6000000000000001, 0.5625, 0.5150602409638555, 0.45594686480410174]","[0.39999999999999997, 0.43749999999999994, 0.4849397590361445, 0.5440531351958983]","[0.19999999999999996, 0.24999999999999994, 0.31325301204819267, 0.3920708469278643]",7,0,3,0.7599114413401694,True,Depolarizing_d4_delta0.800
depolarizing,4,16,0.1,"[0, 1, 2, 3, 4]","[0.07499999999999998, 0.041386271870794106, 0.021858279639046047, 0.011251116871142247, 0.005710423099096612]","[0.925, 0.9586137281292059, 0.9781417203609539, 0.9887488831288578, 0.9942895769009034]","[0.9, 0.9448183041722745, 0.9708556271479386, 0.984998510838477, 0.9923861025345379]",15,0,4,0.07613897465462151,True,Depolarizing_d4_delta0.100
depolarizing,4,16,0.2,"[0, 1, 2, 3, 4]","[0.14999999999999997, 0.09104046242774566, 0.05128746740227533, 0.02744141368794928, 0.014229547409941368]","[0.8500000000000001, 0.9089595375722543, 0.9487125325977247, 0.9725585863120507, 0.9857704525900586]","[0.8, 0.8786127167630058, 0.9316167101302996, 0.9634114484160676, 0.9810272701200782]",15,0,4,0.09486364939960915,True,Depolarizing_d4_delta0.200
depolarizing,4,16,0.3,"[0, 1, 2, 3, 4]","[0.22500000000000003, 0.14953632148377125, 0.09070676604036473, 0.05107758374305879, 0.02732161389128182]","[0.7749999999999999, 0.8504636785162287, 0.9092932339596352, 0.9489224162569412, 0.9726783861087182]","[0.7, 0.8006182380216383, 0.8790576452795137, 0.931896555009255, 0.9635711814782909]",15,0,4,0.12142939507236362,True,Depolarizing_d4_delta0.300
depolarizing,4,16,0.4,"[0, 1, 2, 3, 4]","[0.30000000000000004, 0.21710526315789466, 0.1429520569788455, 0.08600478231810355, 0.048137906742904385]","[0.7, 0.7828947368421053, 0.8570479430211545, 0.9139952176818964, 0.9518620932570956]","[0.6, 0.7105263157894738, 0.8093972573615393, 0.8853269569091953, 0.9358161243427942]",15,0,4,0.1604596891430146,True,Depolarizing_d4_delta0.400
depolarizing,4,16,0.5,"[0, 1, 2, 3, 4]","[0.375, 0.2934782608695652, 0.21087225487163622, 0.13782499329979983, 0.0823905493372264]","[0.625, 0.7065217391304348, 0.7891277451283638, 0.8621750067002002, 0.9176094506627737]","[0.5, 0.6086956521739131, 0.718836993504485, 0.8162333422669336, 0.8901459342170315]",15,0,4,0.21970813156593705,True,Depolarizing_d4_delta0.500
depolarizing,4,16,0.6,"[0, 1, 2, 3, 4]","[0.44999999999999996, 0.3777372262773722, 0.2964225702535347, 0.21367789665027667, 0.1401250366458152]","[0.55, 0.6222627737226277, 0.7035774297464653, 0.7863221033497233, 0.8598749633541848]","[0.4, 0.49635036496350365, 0.6047699063286204, 0.7150961377996311, 0.8131666178055798]",15,0,4,0.3113889703240338,True,Depolarizing_d4_delta0.600
depolarizing,4,16,0.7,"[0, 1, 2, 3, 4]","[0.5249999999999999, 0.46821631878557873, 0.3992212152375059, 0.3198921915759523, 0.23652883522973522]","[0.47500000000000003, 0.5317836812144212, 0.6007787847624941, 0.6801078084240477, 0.7634711647702648]","[0.30000000000000004, 0.3757115749525617, 0.4677050463499921, 0.5734770778987303, 0.6846282196936864]",15,0,4,0.45053111472330526,True,Depolarizing_d4_delta0.700
depolarizing,4,16,0.8,"[0, 1, 2, 3, 4]","[0.6000000000000001, 0.5625, 0.5150602409638555, 0.45594686480410174, 0.38471155781647326]","[0.39999999999999997, 0.43749999999999994, 0.4849397590361445, 0.5440531351958983, 0.6152884421835267]","[0.19999999999999996, 0.24999999999999994, 0.31325301204819267, 0.3920708469278643, 0.48705125624470236]",15,0,4,0.641185929694122,True,Depolarizing_d4_delta0.800
depolarizing,4,32,0.1,"[0, 1, 2, 3, 4, 5]","[0.07499999999999998, 0.041386271870794106, 0.021858279639046047, 0.011251116871142247, 0.005710423099096612, 0.002877012787612765]","[0.925, 0.9586137281292059, 0.9781417203609539, 0.9887488831288578, 0.9942895769009034, 0.9971229872123872]","[0.9, 0.9448183041722745, 0.9708556271479386, 0.984998510838477, 0.9923861025345379, 0.9961639829498496]",31,0,5,0.03836017050150354,True,Depolarizing_d4_delta0.100
depolarizing,4,32,0.2,"[0, 1, 2, 3, 4, 5]","[0.14999999999999997, 0.09104046242774566, 0.05128746740227533, 0.02744141368794928, 0.014229547409941368, 0.007250716032341786]","[0.8500000000000001, 0.9089595375722543, 0.9487125325977247, 0.9725585863120507, 0.9857704525900586, 0.9927492839676582]","[0.8, 0.8786127167630058, 0.9316167101302996, 0.9634114484160676, 0.9810272701200782, 0.9903323786235443]",31,0,5,0.04833810688227859,True,Depolarizing_d4_delta0.200
depolarizing,4,32,0.3,"[0, 1, 2, 3, 4, 5]","[0.22500000000000003, 0.14953632148377125, 0.09070676604036473, 0.05107758374305879, 0.02732161389128182, 0.014165185167032412]","[0.7749999999999999, 0.8504636785162287, 0.9092932339596352, 0.9489224162569412, 0.9726783861087182, 0.9858348148329676]","[0.7, 0.8006182380216383, 0.8790576452795137, 0.931896555009255, 0.9635711814782909, 0.9811130864439568]",31,0,5,0.06295637852014405,True,Depolarizing_d4_delta0.300
depolarizing,4,32,0.4,"[0, 1, 2, 3, 4, 5]","[0.30000000000000004, 0.21710526315789466, 0.1429520569788455, 0.08600478231810355, 0.048137906742904385, 0.02565028869528327]","[0.7, 0.7828947368421053, 0.8570479430211545, 0.9139952176818964, 0.9518620932570956, 0.9743497113047167]","[0.6, 0.7105263157894738, 0.8093972573615393, 0.8853269569091953, 0.9358161243427942, 0.9657996150729556]",31,0,5,0.08550096231761088,True,Depolarizing_d4_delta0.400
depolarizing,4,32,0.5,"[0, 1, 2, 3, 4, 5]","[0.375, 0.2934782608695652, 0.21087225487163622, 0.13782499329979983, 0.0823905493372264, 0.045900703786780045]","[0.625, 0.7065217391304348, 0.7891277451283638, 0.8621750067002002, 0.9176094506627737, 0.95409929621322]","[0.5, 0.6086956521739131, 0.718836993504485, 0.8162333422669336, 0.8901459342170315, 0.9387990616176266]",31,0,5,0.12240187676474679,True,Depolarizing_d4_delta0.500
depolarizing,4,32,0.6,"[0, 1, 2, 3, 4, 5]","[0.44999999999999996, 0.3777372262773722, 0.2964225702535347, 0.21367789665027667, 0.1401250366458152, 0.084006832194877]","[0.55, 0.6222627737226277, 0.7035774297464653, 0.7863221033497233, 0.8598749633541848, 0.915993167805123]","[0.4, 0.49635036496350365, 0.6047699063286204, 0.7150961377996311, 0.8131666178055798, 0.8879908904068307]",31,0,5,0.18668184932194892,True,Depolarizing_d4_delta0.600
depolarizing,4,32,0.7,"[0, 1, 2, 3, 4, 5]","[0.5249999999999999, 0.46821631878557873, 0.3992212152375059, 0.3198921915759523, 0.23652883522973522, 0.1593328716040889]","[0.47500000000000003, 0.5317836812144212, 0.6007787847624941, 0.6801078084240477, 0.7634711647702648, 0.8406671283959111]","[0.30000000000000004, 0.3757115749525617, 0.4677050463499921, 0.5734770778987303, 0.6846282196936864, 0.7875561711945481]",31,0,5,0.30349118400778846,True,Depolarizing_d4_delta0.700
depolarizing,4,32,0.8,"[0, 1, 2, 3, 4, 5]","[0.6000000000000001, 0.5625, 0.5150602409638555, 0.45594686480410174, 0.38471155781647326, 0.30397196625194534]","[0.39999999999999997, 0.43749999999999994, 0.4849397590361445, 0.5440531351958983, 0.6152884421835267, 0.6960280337480547]","[0.19999999999999996, 0.24999999999999994, 0.31325301204819267, 0.3920708469278643, 0.48705125624470236, 0.5947040449974063]",31,0,5,0.5066199437532422,True,Depolarizing_d4_delta0.800
depolarizing,4,64,0.1,"[0, 1, 2, 3, 4, 5, 6]","[0.07499999999999998, 0.041386271870794106, 0.021858279639046047, 0.011251116871142247, 0.005710423099096612, 0.002877012787612765, 0.0014440324590539455]","[0.925, 0.9586137281292059, 0.9781417203609539, 0.9887488831288578, 0.9942895769009034, 0.9971229872123872, 0.9985559675409461]","[0.9, 0.9448183041722745, 0.9708556271479386, 0.984998510838477, 0.9923861025345379, 0.9961639829498496, 0.9980746233879281]",63,0,6,0.019253766120719277,True,Depolarizing_d4_delta0.100
depolarizing,4,64,0.2,"[0, 1, 2, 3, 4, 5, 6]","[0.14999999999999997, 0.09104046242774566, 0.05128746740227533, 0.02744141368794928, 0.014229547409941368, 0.007250716032341786, 0.003660533354688411]","[0.8500000000000001, 0.9089595375722543, 0.9487125325977247, 0.9725585863120507, 0.9857704525900586, 0.9927492839676582, 0.9963394666453116]","[0.8, 0.8786127167630058, 0.9316167101302996, 0.9634114484160676, 0.9810272701200782, 0.9903323786235443, 0.9951192888604155]",63,0,6,0.024403555697922748,True,Depolarizing_d4_delta0.200
depolarizing,4,64,0.3,"[0, 1, 2, 3, 4, 5, 6]","[0.22500000000000003, 0.14953632148377125, 0.09070676604036473, 0.05107758374305879, 0.02732161389128182, 0.014165185167032412, 0.007217303658169111]","[0.7749999999999999, 0.8504636785162287, 0.9092932339596352, 0.9489224162569412, 0.9726783861087182, 0.9858348148329676, 0.9927826963418309]","[0.7, 0.8006182380216383, 0.8790576452795137, 0.931896555009255, 0.9635711814782909, 0.9811130864439568, 0.9903769284557745]",63,0,6,0.03207690514741827,True,Depolarizing_d4_delta0.300
depolarizing,4,64,0.4,"[0, 1, 2, 3, 4, 5, 6]","[0.30000000000000004, 0.21710526315789466, 0.1429520569788455, 0.08600478231810355, 0.048137906742904385, 0.02565028869528327, 0.013269342775185017]","[0.7, 0.7828947368421053, 0.8570479430211545, 0.9139952176818964, 0.9518620932570956, 0.9743497113047167, 0.986730657224815]","[0.6, 0.7105263157894738, 0.8093972573615393, 0.8853269569091953, 0.9358161243427942, 0.9657996150729556, 0.98230754296642]",63,0,6,0.04423114258395005,True,Depolarizing_d4_delta0.400
depolarizing,4,64,0.5,"[0, 1, 2, 3, 4, 5, 6]","[0.375, 0.2934782608695652, 0.21087225487163622, 0.13782499329979983, 0.0823905493372264, 0.045900703786780045, 0.024386607073578093]","[0.625, 0.7065217391304348, 0.7891277451283638, 0.8621750067002002, 0.9176094506627737, 0.95409929621322, 0.9756133929264219]","[0.5, 0.6086956521739131, 0.718836993504485, 0.8162333422669336, 0.8901459342170315, 0.9387990616176266, 0.9674845239018959]",63,0,6,0.06503095219620825,True,Depolarizing_d4_delta0.500
depolarizing,4,64,0.6,"[0, 1, 2, 3, 4, 5, 6]","[0.44999999999999996, 0.3777372262773722, 0.2964225702535347, 0.21367789665027667, 0.1401250366458152, 0.084006832194877, 0.046898777391631036]","[0.55, 0.6222627737226277, 0.7035774297464653, 0.7863221033497233, 0.8598749633541848, 0.915993167805123, 0.9531012226083689]","[0.4, 0.49635036496350365, 0.6047699063286204, 0.7150961377996311, 0.8131666178055798, 0.8879908904068307, 0.9374682968111586]",63,0,6,0.10421950531473564,True,Depolarizing_d4_delta0.600
depolarizing,4,64,0.7,"[0, 1, 2, 3, 4, 5, 6]","[0.5249999999999999, 0.46821631878557873, 0.3992212152375059, 0.3198921915759523, 0.23652883522973522, 0.1593328716040889, 0.09782929279053384]","[0.47500000000000003, 0.5317836812144212, 0.6007787847624941, 0.6801078084240477, 0.7634711647702648, 0.8406671283959111, 0.9021707072094661]","[0.30000000000000004, 0.3757115749525617, 0.4677050463499921, 0.5734770778987303, 0.6846282196936864, 0.7875561711945481, 0.8695609429459549]",63,0,6,0.18634151007720737,True,Depolarizing_d4_delta0.700
depolarizing,4,64,0.8,"[0, 1, 2, 3, 4, 5, 6]","[0.6000000000000001, 0.5625, 0.5150602409638555, 0.45594686480410174, 0.38471155781647326, 0.30397196625194534, 0.2209342255635595]","[0.39999999999999997, 0.43749999999999994, 0.4849397590361445, 0.5440531351958983, 0.6152884421835267, 0.6960280337480547, 0.7790657744364405]","[0.19999999999999996, 0.24999999999999994, 0.31325301204819267, 0.3920708469278643, 0.48705125624470236, 0.5947040449974063, 0.7054210325819207]",63,0,6,0.3682237092725991,True,Depolarizing_d4_delta0.800
depolarizing,5,8,0.1,"[0, 1, 2, 3]","[0.07999999999999999, 0.04415584415584419, 0.02332306797605046, 0.012005452055035181]","[0.92, 0.9558441558441558, 0.9766769320239496, 0.9879945479449648]","[0.9, 0.9448051948051948, 0.9708461650299369, 0.984993184931206]",7,0,3,0.1500681506879398,True,Depolarizing_d5_delta0.100
depolarizing,5,8,0.2,"[0, 1, 2, 3]","[0.15999999999999998, 0.097196261682243, 0.05477998423652899, 0.029316047468385696]","[0.8400000000000001, 0.902803738317757, 0.945220015763471, 0.9706839525316143]","[0.8, 0.8785046728971962, 0.9315250197043388, 0.9633549406645179]",7,0,3,0.18322529667741064,True,Depolarizing_d5_delta0.200
depolarizing,5,8,0.3,"[0, 1, 2, 3]","[0.24000000000000005, 0.15979899497487438, 0.09705123090887505, 0.054688639752916754]","[0.76, 0.8402010050251256, 0.902948769091125, 0.9453113602470833]","[0.7, 0.800251256281407, 0.8786859613639062, 0.931639200308854]",7,0,3,0.22786933230381975,True,Depolarizing_d5_delta0.300
depolarizing,5,8,0.4,"[0, 1, 2, 3]","[0.32, 0.23225806451612901, 0.15331082835627105, 0.09240231355325941]","[0.6799999999999999, 0.767741935483871, 0.8466891716437289, 0.9075976864467405]","[0.6, 0.7096774193548387, 0.8083614645546612, 0.8844971080584257]",7,0,3,0.28875722985393565,True,Depolarizing_d5_delta0.400
depolarizing,5,8,0.5,"[0, 1, 2, 3]","[0.4, 0.3142857142857142, 0.22675767918088727, 0.14875752522009328]","[0.6, 0.6857142857142857, 0.7732423208191127, 0.8512424747799068]","[0.5, 0.6071428571428572, 0.7165529010238909, 0.8140530934748834]",7,0,3,0.37189381305023317,True,Depolarizing_d5_delta0.500
depolarizing,5,8,0.6,"[0, 1, 2, 3]","[0.48, 0.4048192771084338, 0.3195139206791794, 0.23178826453012213]","[0.52, 0.5951807228915662, 0.6804860793208206, 0.7682117354698779]","[0.4, 0.4939759036144578, 0.6006075991510258, 0.7102646693373473]",7,0,3,0.4828922177710878,True,Depolarizing_d5_delta0.600
depolarizing,5,8,0.7,"[0, 1, 2, 3]","[0.5599999999999999, 0.5018867924528301, 0.43083210013983725, 0.3482570328938002]","[0.44000000000000006, 0.49811320754716987, 0.5691678998601628, 0.6517429671061998]","[0.30000000000000004, 0.37264150943396235, 0.46145987482520345, 0.5646787088827497]",7,0,3,0.621887558738929,True,Depolarizing_d5_delta0.700
depolarizing,5,8,0.8,"[0, 1, 2, 3]","[0.64, 0.6025974025974026, 0.5552758117672484, 0.496021071294159]","[0.36, 0.3974025974025973, 0.4447241882327516, 0.503978928705841]","[0.19999999999999996, 0.2467532467532467, 0.3059052352909395, 0.3799736608823013]",7,0,3,0.7750329238971234,True,Depolarizing_d5_delta0.800
depolarizing,5,16,0.1,"[0, 1, 2, 3, 4]","[0.07999999999999999, 0.04415584415584419, 0.02332306797605046, 0.012005452055035181, 0.006093346871467809]","[0.92, 0.9558441558441558, 0.9766769320239496, 0.9879945479449648, 0.9939066531285322]","[0.9, 0.9448051948051948, 0.9708461650299369, 0.984993184931206, 0.9923833164106652]",15,0,4,0.07616683589334762,True,Depolarizing_d5_delta0.100
depolarizing,5,16,0.2,"[0, 1, 2, 3, 4]","[0.15999999999999998, 0.097196261682243, 0.05477998423652899, 0.029316047468385696, 0.015202977586201705]","[0.8400000000000001, 0.902803738317757, 0.945220015763471, 0.9706839525316143, 0.9847970224137983]","[0.8, 0.8785046728971962, 0.9315250197043388, 0.9633549406645179, 0.9809962780172479]",15,0,4,0.09501860991376067,True,Depolarizing_d5_delta0.200
depolarizing,5,16,0.3,"[0, 1, 2, 3, 4]","[0.24000000000000005, 0.15979899497487438, 0.09705123090887505, 0.054688639752916754, 0.029263874942011103]","[0.76, 0.8402010050251256, 0.902948769091125, 0.9453113602470833, 0.9707361250579889]","[0.7, 0.800251256281407, 0.8786859613639062, 0.931639200308854, 0.9634201563224861]",15,0,4,0.12193281225837957,True,Depolarizing_d5_delta0.300
depolarizing,5,16,0.4,"[0, 1, 2, 3, 4]","[0.32, 0.23225806451612901, 0.15331082835627105, 0.09240231355325941, 0.05177639067202433]","[0.6799999999999999, 0.767741935483871, 0.8466891716437289, 0.9075976864467405, 0.9482236093279757]","[0.6, 0.7096774193548387, 0.8083614645546612, 0.8844971080584257, 0.9352795116599696]",15,0,4,0.16180122085007603,True,Depolarizing_d5_delta0.400
depolarizing,5,16,0.5,"[0, 1, 2, 3, 4]","[0.4, 0.3142857142857142, 0.22675767918088727, 0.14875752522009328, 0.08917728902626143]","[0.6, 0.6857142857142857, 0.7732423208191127, 0.8512424747799068, 0.9108227109737386]","[0.5, 0.6071428571428572, 0.7165529010238909, 0.8140530934748834, 0.8885283887171732]",15,0,4,0.22294322256565358,True,Depolarizing_d5_delta0.500
depolarizing,5,16,0.6,"[0, 1, 2, 3, 4]","[0.48, 0.4048192771084338, 0.3195139206791794, 0.23178826453012213, 0.1529200939515773]","[0.52, 0.5951807228915662, 0.6804860793208206, 0.7682117354698779, 0.8470799060484226]","[0.4, 0.4939759036144578, 0.6006075991510258, 0.7102646693373473, 0.8088498825605284]",15,0,4,0.318583529065786,True,Depolarizing_d5_delta0.600
depolarizing,5,16,0.7,"[0, 1, 2, 3, 4]","[0.5599999999999999, 0.5018867924528301, 0.43083210013983725, 0.3482570328938002, 0.26017488127217997]","[0.44000000000000006, 0.49811320754716987, 0.5691678998601628, 0.6517429671061998, 0.73982511872782]","[0.30000000000000004, 0.37264150943396235, 0.46145987482520345, 0.5646787088827497, 0.674781398409775]",15,0,4,0.46459800227175,True,Depolarizing_d5_delta0.700
depolarizing,5,16,0.8,"[0, 1, 2, 3, 4]","[0.64, 0.6025974025974026, 0.5552758117672484, 0.496021071294159, 0.4238149810734889]","[0.36, 0.3974025974025973, 0.4447241882327516, 0.503978928705841, 0.5761850189265112]","[0.19999999999999996, 0.2467532467532467, 0.3059052352909395, 0.3799736608823013, 0.47023127365813894]",15,0,4,0.6622109079273264,True,Depolarizing_d5_delta0.800
depolarizing,5,32,0.1,"[0, 1, 2, 3, 4, 5]","[0.07999999999999999, 0.04415584415584419, 0.02332306797605046, 0.012005452055035181, 0.006093346871467809, 0.0030699495730113213]","[0.92, 0.9558441558441558, 0.9766769320239496, 0.9879945479449648, 0.9939066531285322, 0.9969300504269887]","[0.9, 0.9448051948051948, 0.9708461650299369, 0.984993184931206, 0.9923833164106652, 0.9961625630337358]",31,0,5,0.03837436966264152,True,Depolarizing_d5_delta0.100
depolarizing,5,32,0.2,"[0, 1, 2, 3, 4, 5]","[0.15999999999999998, 0.097196261682243, 0.05477998423652899, 0.029316047468385696, 0.015202977586201705, 0.007747039059451755]","[0.8400000000000001, 0.902803738317757, 0.945220015763471, 0.9706839525316143, 0.9847970224137983, 0.9922529609405483]","[0.8, 0.8785046728971962, 0.9315250197043388, 0.9633549406645179, 0.9809962780172479, 0.9903162011756853]",31,0,5,0.04841899412157347,True,Depolarizing_d5_delta0.200
depolarizing,5,32,0.3,"[0, 1, 2, 3, 4, 5]","[0.24000000000000005, 0.15979899497487438, 0.09705123090887505, 0.054688639752916754, 0.029263874942011103, 0.015174939661146603]","[0.76, 0.8402010050251256, 0.902948769091125, 0.9453113602470833, 0.9707361250579889, 0.9848250603388534]","[0.7, 0.800251256281407, 0.8786859613639062, 0.931639200308854, 0.9634201563224861, 0.9810313254235667]",31,0,5,0.0632289152547775,True,Depolarizing_d5_delta0.300
depolarizing,5,32,0.4,"[0, 1, 2, 3, 4, 5]","[0.32, 0.23225806451612901, 0.15331082835627105, 0.09240231355325941, 0.05177639067202433, 0.027606399985024233]","[0.6799999999999999, 0.767741935483871, 0.8466891716437289, 0.9075976864467405, 0.9482236093279757, 0.9723936000149758]","[0.6, 0.7096774193548387, 0.8083614645546612, 0.8844971080584257, 0.9352795116599696, 0.9654920000187197]",31,0,5,0.08626999995320073,True,Depolarizing_d5_delta0.400
depolarizing,5,32,0.5,"[0, 1, 2, 3, 4, 5]","[0.4, 0.3142857142857142, 0.22675767918088727, 0.14875752522009328, 0.08917728902626143, 0.04977403647944394]","[0.6, 0.6857142857142857, 0.7732423208191127, 0.8512424747799068, 0.9108227109737386, 0.9502259635205561]","[0.5, 0.6071428571428572, 0.7165529010238909, 0.8140530934748834, 0.8885283887171732, 0.9377824544006951]",31,0,5,0.12443509119860983,True,Depolarizing_d5_delta0.500
depolarizing,5,32,0.6,"[0, 1, 2, 3, 4, 5]","[0.48, 0.4048192771084338, 0.3195139206791794, 0.23178826453012213, 0.1529200939515773, 0.09212435149261369]","[0.52, 0.5951807228915662, 0.6804860793208206, 0.7682117354698779, 0.8470799060484226, 0.9078756485073863]","[0.4, 0.4939759036144578, 0.6006075991510258, 0.7102646693373473, 0.8088498825605284, 0.8848445606342329]",31,0,5,0.19192573227627854,True,Depolarizing_d5_delta0.600
depolarizing,5,32,0.7,"[0, 1, 2, 3, 4, 5]","[0.5599999999999999, 0.5018867924528301, 0.43083210013983725, 0.3482570328938002, 0.26017488127217997, 0.1771424980720404]","[0.44000000000000006, 0.49811320754716987, 0.5691678998601628, 0.6517429671061998, 0.73982511872782, 0.8228575019279596]","[0.30000000000000004, 0.37264150943396235, 0.46145987482520345, 0.5646787088827497, 0.674781398409775, 0.7785718774099495]",31,0,5,0.3163258894143579,True,Depolarizing_d5_delta0.700
depolarizing,5,32,0.8,"[0, 1, 2, 3, 4, 5]","[0.64, 0.6025974025974026, 0.5552758117672484, 0.496021071294159, 0.4238149810734889, 0.340418201428752]","[0.36, 0.3974025974025973, 0.4447241882327516, 0.503978928705841, 0.5761850189265112, 0.659581798571248]","[0.19999999999999996, 0.2467532467532467, 0.3059052352909395, 0.3799736608823013, 0.47023127365813894, 0.57447724821406]",31,0,5,0.531903439732425,True,Depolarizing_d5_delta0.800
depolarizing,5,64,0.1,"[0, 1, 2, 3, 4, 5, 6]","[0.07999999999999999, 0.04415584415584419, 0.02332306797605046, 0.012005452055035181, 0.006093346871467809, 0.0030699495730113213, 0.0015408741900475142]","[0.92, 0.9558441558441558, 0.9766769320239496, 0.9879945479449648, 0.9939066531285322, 0.9969300504269887, 0.9984591258099524]","[0.9, 0.9448051948051948, 0.9708461650299369, 0.984993184931206, 0.9923833164106652, 0.9961625630337358, 0.9980739072624406]",63,0,6,0.01926092737559393,True,Depolarizing_d5_delta0.100
depolarizing,5,64,0.2,"[0, 1, 2, 3, 4, 5, 6]","[0.15999999999999998, 0.097196261682243, 0.05477998423652899, 0.029316047468385696, 0.015202977586201705, 0.007747039059451755, 0.003911174921713556]","[0.8400000000000001, 0.902803738317757, 0.945220015763471, 0.9706839525316143, 0.9847970224137983, 0.9922529609405483, 0.9960888250782864]","[0.8, 0.8785046728971962, 0.9315250197043388, 0.9633549406645179, 0.9809962780172479, 0.9903162011756853, 0.995111031347858]",63,0,6,0.02444484326070973,True,Depolarizing_d5_delta0.200
depolarizing,5,64,0.3,"[0, 1, 2, 3, 4, 5, 6]","[0.24000000000000005, 0.15979899497487438, 0.09705123090887505, 0.054688639752916754, 0.029263874942011103, 0.015174939661146603, 0.0077324817318970675]","[0.76, 0.8402010050251256, 0.902948769091125, 0.9453113602470833, 0.9707361250579889, 0.9848250603388534, 0.9922675182681029]","[0.7, 0.800251256281407, 0.8786859613639062, 0.931639200308854, 0.9634201563224861, 0.9810313254235667, 0.9903343978351287]",63,0,6,0.03221867388290444,True,Depolarizing_d5_delta0.300
depolarizing,5,64,0.4,"[0, 1, 2, 3, 4, 5, 6]","[0.32, 0.23225806451612901, 0.15331082835627105, 0.09240231355325941, 0.05177639067202433, 0.027606399985024233, 0.014286045708482487]","[0.6799999999999999, 0.767741935483871, 0.8466891716437289, 0.9075976864467405, 0.9482236093279757, 0.9723936000149758, 0.9857139542915175]","[0.6, 0.7096774193548387, 0.8083614645546612, 0.8844971080584257, 0.9352795116599696, 0.9654920000187197, 0.9821424428643969]",63,0,6,0.04464389283900777,True,Depolarizing_d5_delta0.400
depolarizing,5,64,0.5,"[0, 1, 2, 3, 4, 5, 6]","[0.4, 0.3142857142857142, 0.22675767918088727, 0.14875752522009328, 0.08917728902626143, 0.04977403647944394, 0.026473396217150925]","[0.6, 0.6857142857142857, 0.7732423208191127, 0.8512424747799068, 0.9108227109737386, 0.9502259635205561, 0.973526603782849]","[0.5, 0.6071428571428572, 0.7165529010238909, 0.8140530934748834, 0.8885283887171732, 0.9377824544006951, 0.9669082547285613]",63,0,6,0.06618349054287731,True,Depolarizing_d5_delta0.500
depolarizing,5,64,0.6,"[0, 1, 2, 3, 4, 5, 6]","[0.48, 0.4048192771084338, 0.3195139206791794, 0.23178826453012213, 0.1529200939515773, 0.09212435149261369, 0.05160323255026711]","[0.52, 0.5951807228915662, 0.6804860793208206, 0.7682117354698779, 0.8470799060484226, 0.9078756485073863, 0.9483967674497329]","[0.4, 0.4939759036144578, 0.6006075991510258, 0.7102646693373473, 0.8088498825605284, 0.8848445606342329, 0.9354959593121661]",63,0,6,0.10750673447972314,True,Depolarizing_d5_delta0.600
depolarizing,5,64,0.7,"[0, 1, 2, 3, 4, 5, 6]","[0.5599999999999999, 0.5018867924528301, 0.43083210013983725, 0.3482570328938002, 0.26017488127217997, 0.1771424980720404, 0.10978873863605454]","[0.44000000000000006, 0.49811320754716987, 0.5691678998601628, 0.6517429671061998, 0.73982511872782, 0.8228575019279596, 0.8902112613639455]","[0.30000000000000004, 0.37264150943396235, 0.46145987482520345, 0.5646787088827497, 0.674781398409775, 0.7785718774099495, 0.8627640767049318]",63,0,6,0.19605131899295455,True,Depolarizing_d5_delta0.700
depolarizing,5,64,0.8,"[0, 1, 2, 3, 4, 5, 6]","[0.64, 0.6025974025974026, 0.5552758117672484, 0.496021071294159, 0.4238149810734889, 0.340418201428752, 0.2523117985410068]","[0.36, 0.3974025974025973, 0.4447241882327516, 0.503978928705841, 0.5761850189265112, 0.659581798571248, 0.7476882014589932]","[0.19999999999999996, 0.2467532467532467, 0.3059052352909395, 0.3799736608823013, 0.47023127365813894, 0.57447724821406, 0.6846102518237415]",63,0,6,0.39423718522032314,True,Depolarizing_d5_delta0.800
symmetric_pauli,2,8,0.1,"[0, 1, 2, 3]","[0.2, 0.1819960861056752, 0.1663224412477017, 0.15309852228638118]","[0.8000000000000003, 0.8180039138943251, 0.8336775587522987, 0.8469014777136191]","[0.6000000000000003, 0.6360078277886501, 0.667355117504597, 0.693802955427238]",7,0,3,0.7654926114319058,True,SymmetricPauli_p0.100
symmetric_pauli,2,8,0.2,"[0, 1, 2, 3]","[0.40000000000000013, 0.4029183337255826, 0.4057128931932034, 0.4083921167959675]","[0.6, 0.5970816662744175, 0.5942871068067967, 0.5916078832040326]","[0.19999999999999998, 0.194163332548835, 0.18857421361359336, 0.1832157664080652]",7,0,3,1.0209802919899185,False,SymmetricPauli_p0.200
symmetric_pauli,2,8,0.3,"[0, 1, 2, 3]","[0.6000000000000001, 0.5796178343949047, 0.563501051609772, 0.5507027039679606]","[0.39999999999999997, 0.4203821656050955, 0.43649894839022807, 0.4492972960320395]","[0.2, 0.15923566878980894, 0.1270021032195438, 0.10140540793592095]",7,0,3,0.9178378399466008,True,SymmetricPauli_p0.300
symmetric_pauli,2,16,0.1,"[0, 1, 2, 3, 4]","[0.19999999999999998, 0.1819960861056751, 0.16632244124770162, 0.15309852228638107, 0.14225152874825905]","[0.8, 0.818003913894325, 0.8336775587522984, 0.846901477713619, 0.857748471251741]","[0.6000000000000002, 0.63600782778865, 0.6673551175045969, 0.693802955427238, 0.715496942503482]",15,0,4,0.7112576437412953,True,SymmetricPauli_p0.100
symmetric_pauli,2,16,0.2,"[0, 1, 2, 3, 4]","[0.3999999999999999, 0.40291833372558244, 0.4057128931932033, 0.4083921167959673, 0.4109636131181553]","[0.6, 0.5970816662744175, 0.5942871068067966, 0.5916078832040326, 0.5890363868818446]","[0.19999999999999993, 0.19416333254883492, 0.1885742136135933, 0.18321576640806517, 0.1780727737636892]",15,0,4,1.0274090327953886,False,SymmetricPauli_p0.200
symmetric_pauli,2,16,0.3,"[0, 1, 2, 3, 4]","[0.6000000000000001, 0.5796178343949046, 0.563501051609772, 0.5507027039679606, 0.5405121724980628]","[0.4, 0.42038216560509556, 0.43649894839022807, 0.4492972960320395, 0.4594878275019373]","[0.19999999999999998, 0.15923566878980894, 0.1270021032195438, 0.10140540793592095, 0.08102434499612546]",15,0,4,0.9008536208301046,True,SymmetricPauli_p0.300
symmetric_pauli,2,32,0.1,"[0, 1, 2, 3, 4, 5]","[0.2, 0.18199608610567516, 0.16632244124770168, 0.15309852228638107, 0.14225152874825905, 0.13356859018190145]","[0.8000000000000003, 0.818003913894325, 0.8336775587522984, 0.8469014777136191, 0.8577484712517411, 0.8664314098180987]","[0.6000000000000002, 0.63600782778865, 0.6673551175045969, 0.693802955427238, 0.7154969425034822, 0.7328628196361973]",31,0,5,0.6678429509095072,True,SymmetricPauli_p0.100
symmetric_pauli,2,32,0.2,"[0, 1, 2, 3, 4, 5]","[0.4000000000000001, 0.40291833372558256, 0.4057128931932033, 0.40839211679596743, 0.41096361311815544, 0.4134342647104268]","[0.6, 0.5970816662744175, 0.5942871068067966, 0.5916078832040326, 0.5890363868818446, 0.5865657352895732]","[0.19999999999999998, 0.19416333254883497, 0.1885742136135933, 0.18321576640806517, 0.1780727737636892, 0.17313147057914638]",31,0,5,1.0335856617760668,False,SymmetricPauli_p0.200
symmetric_pauli,2,32,0.3,"[0, 1, 2, 3, 4, 5]","[0.6000000000000001, 0.5796178343949046, 0.5635010516097719, 0.5507027039679606, 0.5405121724980628, 0.5323842259210184]","[0.39999999999999997, 0.42038216560509556, 0.43649894839022807, 0.4492972960320395, 0.4594878275019373, 0.4676157740789817]","[0.2, 0.15923566878980894, 0.12700210321954378, 0.10140540793592097, 0.08102434499612544, 0.0647684518420366]",31,0,5,0.8873070432016972,True,SymmetricPauli_p0.300
symmetric_pauli,2,64,0.1,"[0, 1, 2, 3, 4, 5, 6]","[0.19999999999999996, 0.1819960861056751, 0.16632244124770162, 0.15309852228638104, 0.14225152874825905, 0.1335685901819014, 0.12675829630077035]","[0.8, 0.8180039138943249, 0.8336775587522983, 0.846901477713619, 0.8577484712517409, 0.8664314098180985, 0.8732417036992296]","[0.6000000000000001, 0.6360078277886497, 0.6673551175045968, 0.6938029554272379, 0.7154969425034818, 0.7328628196361971, 0.7464834073984593]",63,0,6,0.6337914815038519,True,SymmetricPauli_p0.100
symmetric_pauli,2,64,0.2,"[0, 1, 2, 3, 4, 5, 6]","[0.40000000000000013, 0.40291833372558267, 0.40571289319320347, 0.4083921167959675, 0.41096361311815544, 0.4134342647104269, 0.4158103163782963]","[0.6, 0.5970816662744175, 0.5942871068067967, 0.5916078832040327, 0.5890363868818447, 0.5865657352895732, 0.5841896836217039]","[0.19999999999999998, 0.19416333254883503, 0.1885742136135934, 0.18321576640806522, 0.1780727737636893, 0.17313147057914646, 0.16837936724340763]",63,0,6,1.0395257909457405,False,SymmetricPauli_p0.200
symmetric_pauli,2,64,0.3,"[0, 1, 2, 3, 4, 5, 6]","[0.6, 0.5796178343949046, 0.5635010516097719, 0.5507027039679605, 0.5405121724980628, 0.5323842259210183, 0.5258943456712553]","[0.4, 0.42038216560509556, 0.4364989483902281, 0.4492972960320395, 0.4594878275019373, 0.4676157740789817, 0.47410565432874485]","[0.19999999999999996, 0.1592356687898089, 0.12700210321954375, 0.10140540793592094, 0.08102434499612544, 0.0647684518420366, 0.051788691342510254]",63,0,6,0.8764905761187588,True,SymmetricPauli_p0.300
pure_dephasing,2,8,0.1,"[0, 1, 2, 3]","[0.08292945013933613, 0.12339764397038674, 0.1661515396367915, 0.20955304486204893]","[0.9312270629958738, 0.9187116539697755, 0.9096513689271786, 0.9013105497741206]","[0.8674199829293451, 0.8577613479452609, 0.8654656620591132, 0.883681002138388]",7,0,3,2.526883326851472,False,PureDephasing_pz0.100
pure_dephasing,2,8,0.2,"[0, 1, 2, 3]","[0.17264692946686186, 0.2509635525693434, 0.31758029532799625, 0.3735522970531409]","[0.8509651887283222, 0.8121612016949927, 0.7908402630848836, 0.7790662189451771]","[0.7232486459929468, 0.7075136929083939, 0.7528545863989963, 0.8212369635588869]",7,0,3,2.1636776177061474,False,PureDephasing_pz0.200
pure_dephasing,2,8,0.3,"[0, 1, 2, 3]","[0.2800368559893097, 0.37505617844996747, 0.43224083397139074, 0.47257754299419336]","[0.7385978642920756, 0.670153553960631, 0.6457284445155852, 0.643603222995818]","[0.5177586503553675, 0.493237025999163, 0.5746671491145755, 0.683908640501775]",7,0,3,1.6875548089007033,False,PureDephasing_pz0.300
pure_dephasing,2,8,0.4,"[0, 1, 2, 3]","[0.3996987278282958, 0.47304821231259764, 0.4927606420999308, 0.4984362419954325]","[0.600602317431105, 0.5276018215364915, 0.5084223475368249, 0.5036650754799531]","[0.20358183080680872, 0.07420061209008683, 0.07029645622820198, 0.09173358849368907]",7,0,3,1.2470298434613802,False,PureDephasing_pz0.400
pure_dephasing,2,8,0.5,"[0, 1, 2, 3]","[0.3720870685518469, 0.375938074713147, 0.38442454309577595, 0.39295066983986693]","[0.7231024268329866, 0.7589543411450503, 0.7876363516854259, 0.8074948023502335]","[0.6679856687579258, 0.7753290325122046, 0.8612051579497695, 0.9206628726691076]",7,0,3,1.056071825793948,False,PureDephasing_pz0.500
pure_dephasing,2,8,0.6,"[0, 1, 2, 3]","[0.3264906740297087, 0.2624677994337647, 0.2799379666329355, 0.279700245800527]","[0.8223397329527111, 0.886431664273001, 0.8965271291897449, 0.9083899017087895]","[0.8460162957794239, 0.9062472289890962, 0.9484564182972821, 0.9728764139594807]",7,0,3,0.8566867847964195,True,PureDephasing_pz0.600
pure_dephasing,2,8,0.7,"[0, 1, 2, 3]","[0.11776637273577437, 0.07064929891596396, 0.08971324804909941, 0.08217114842693056]","[0.9801872592180838, 0.9915011744372202, 0.9901037815306555, 0.992307196575408]","[0.9880408448347167, 0.9929602164730216, 0.996297643089001, 0.9981168152259706]",7,0,3,0.6977471286416644,True,PureDephasing_pz0.700
pure_dephasing,2,8,0.8,"[0, 1, 2, 3]","[0.6209802177465211, 0.23223259268739924, 0.5048563212980429, 0.34208586845838346]","[0.5179794614593541, 0.8535449117689582, 0.672666521801145, 0.8338582951134133]","[0.7838262365904087, 0.793667156622396, 0.8427251674317975, 0.8963950836820551]",7,0,3,0.550880460733163,True,PureDephasing_pz0.800
pure_dephasing,2,16,0.1,"[0, 1, 2, 3, 4]","[0.09129790983035553, 0.126626977783264, 0.16404390126087293, 0.20465975931352634, 0.24788374638548535]","[0.9166469166060828, 0.8990605278678239, 0.886486881410941, 0.8759956515741618, 0.8655492099293846]","[0.8366175349476593, 0.8126374822030966, 0.8084485956492914, 0.8194663352607775, 0.8414168090821293]",15,0,4,2.7151086683812204,False,PureDephasing_pz0.100
pure_dephasing,2,16,0.2,"[0, 1, 2, 3, 4]","[0.12292656484913164, 0.19008474847013693, 0.23877344374123563, 0.27172032858890244, 0.2927889154708671]","[0.9244452982719611, 0.9130681296229353, 0.9079497365757917, 0.9047463918884029, 0.9021452365268527]","[0.8707611351399853, 0.8926373087069362, 0.9272809585273295, 0.9561973203410771, 0.975439563580357]",15,0,4,2.3818197135030035,False,PureDephasing_pz0.200
pure_dephasing,2,16,0.3,"[0, 1, 2, 3, 4]","[0.29982653786913355, 0.394085163100638, 0.44371510763154165, 0.470352994512649, 0.485124556027247]","[0.7003468239646967, 0.6063664707990367, 0.5571652836997272, 0.5312423192576453, 0.5177030367100753]","[0.4012120475523521, 0.21605172135480205, 0.1272537691417877, 0.09948384199781238, 0.11043317564407705]",15,0,4,1.6180174025789245,False,PureDephasing_pz0.300
pure_dephasing,2,16,0.4,"[0, 1, 2, 3, 4]","[0.11642030419789227, 0.1399605568786026, 0.14519141282365378, 0.14648444966434299, 0.14686903817995897]","[0.9661157819261758, 0.9692608738888535, 0.9731681974912862, 0.9756242335652205, 0.976959727061664]","[0.9584768524188896, 0.9774453056220016, 0.9884305617472877, 0.994146724701512, 0.9970561497479873]",15,0,4,1.2615414398016833,False,PureDephasing_pz0.400
pure_dephasing,2,16,0.5,"[0, 1, 2, 3, 4]","[0.47312653225282547, 0.47541977979903, 0.48376405210980156, 0.4991104452377088, 0.519389022581912]","[0.5523025689568323, 0.5673870803318715, 0.5849333779211076, 0.603708692091547, 0.6216067877978713]","[0.32342717559547235, 0.4167063587517216, 0.5252086672354231, 0.641310934374055, 0.7519886822990492]",15,0,4,1.0977803762321348,False,PureDephasing_pz0.500
pure_dephasing,2,16,0.6,"[0, 1, 2, 3, 4]","[0.45274500866239337, 0.3637795952659338, 0.39376033013132383, 0.3981623233227352, 0.40579998598628514]","[0.6583699285521489, 0.7642507615685165, 0.7770553739841304, 0.8010551299118287, 0.8129390389517377]","[0.6733438094194066, 0.7657319517960918, 0.8534695579087974, 0.9156164385278088, 0.9541753876058782]",15,0,4,0.8963102369371131,True,PureDephasing_pz0.600
pure_dephasing,2,16,0.7,"[0, 1, 2, 3, 4]","[0.6839754940781982, 0.38803704540359146, 0.5463651204712356, 0.47774002755424877, 0.5332129962349821]","[0.3316821764292637, 0.6290148934259076, 0.48660967264887967, 0.5752584613481202, 0.5477189013058116]","[0.444992822093926, 0.3440211739498393, 0.37483072188083777, 0.46257537883313443, 0.5728350570965384]",15,0,4,0.7795790943557115,True,PureDephasing_pz0.700
pure_dephasing,2,16,0.8,"[0, 1, 2, 3, 4]","[0.7347614625193215, 0.26055782906650377, 0.6143813867011749, 0.3850631835405248, 0.5675864256123668]","[0.32515699149558464, 0.7817868248719919, 0.48084052838096303, 0.7340926148634008, 0.5914197623283194]","[0.678325580526393, 0.6314339463786889, 0.6581945508915176, 0.7276435121177532, 0.8088859322988432]",15,0,4,0.7724771297425542,True,PureDephasing_pz0.800
pure_dephasing,2,32,0.1,"[0, 1, 2, 3, 4, 5]","[0.06077306052843492, 0.10081266375609632, 0.13826928699009147, 0.17145361281716862, 0.1998422701935138, 0.22350610785762232]","[0.9630663511400719, 0.9585149459478749, 0.9546810173945393, 0.9503318633626106, 0.9452266713700935, 0.9396142010223825]","[0.9311492168843073, 0.935260689051934, 0.9461488532346007, 0.9585994047790142, 0.9698734027205632, 0.9789160970625532]",31,0,5,3.6777168356207226,False,PureDephasing_pz0.100
pure_dephasing,2,32,0.2,"[0, 1, 2, 3, 4, 5]","[0.09905145605485292, 0.15539809829419823, 0.1935562946297691, 0.21807027448215602, 0.23326763367240289, 0.24248779725179623]","[0.9509440452670678, 0.945276141962275, 0.9426674692617587, 0.9407802241869089, 0.9391405200649339, 0.9377663690125888]","[0.9181617204254471, 0.936855828643294, 0.9594404795557975, 0.9763910462506952, 0.9870244353288448, 0.9931096632872264]",31,0,5,2.4480992699139206,False,PureDephasing_pz0.200
pure_dephasing,2,32,0.3,"[0, 1, 2, 3, 4, 5]","[0.29783286279455745, 0.3923306327758409, 0.44343770071256283, 0.47367928118426217, 0.4955511086808274, 0.5166250901037139]","[0.7043186194653277, 0.61323240747763, 0.5672525072975929, 0.5451821081357501, 0.5363152334053516, 0.5349688187954399]","[0.4148398902021329, 0.2619597899825216, 0.23570746030482265, 0.27967244811735953, 0.3571337828889828, 0.45550105387412826]",31,0,5,1.7346141230226748,False,PureDephasing_pz0.300
pure_dephasing,2,32,0.4,"[0, 1, 2, 3, 4, 5]","[0.1788428317048272, 0.21542601840922004, 0.22472537029993395, 0.2276054063425439, 0.22871857744275112, 0.22921777775947896]","[0.9200381038694969, 0.925264833698535, 0.9342358211527827, 0.9402640411693439, 0.9436422165049159, 0.9454158176382477]","[0.8989390687286835, 0.9416436759330667, 0.9689939384933741, 0.9840086629002784, 0.9918758070894796, 0.9959048293471453]",31,0,5,1.2816715972032557,False,PureDephasing_pz0.400
pure_dephasing,2,32,0.5,"[0, 1, 2, 3, 4, 5]","[0.245079372165308, 0.24665664156820918, 0.24911764966599395, 0.25096745013209243, 0.2520835744401008, 0.2526950221084456]","[0.8798722026781167, 0.9041468373615402, 0.9188109429162357, 0.926978814380504, 0.9313076441585485, 0.9335387330390091]","[0.8716331827989532, 0.9273323809535573, 0.9609798047645842, 0.9797213387618102, 0.9896540257302983, 0.994773355568789]",31,0,5,1.0310742184291248,False,PureDephasing_pz0.500
pure_dephasing,2,32,0.6,"[0, 1, 2, 3, 4, 5]","[0.3656789033161587, 0.2941005425570629, 0.3150043994164266, 0.3156557158433818, 0.3189184781601786, 0.32024285946341013]","[0.7771315661158191, 0.8545794749574962, 0.8664079895097601, 0.8816134056013234, 0.8884638982504036, 0.8924083115819231]","[0.8021287339232467, 0.8742416235569088, 0.9287319552195102, 0.9617732301242765, 0.9801487518992368, 0.9898763571663374]",31,0,5,0.8757487964421468,True,PureDephasing_pz0.600
pure_dephasing,2,32,0.7,"[0, 1, 2, 3, 4, 5]","[0.4540241461960542, 0.2700092243132412, 0.35716846645134465, 0.3280624255482737, 0.3454649049972874, 0.34177829686424205]","[0.7055172495299203, 0.8602263444783425, 0.8307764632664807, 0.8689059863672696, 0.8681533675301474, 0.8767298879056986]","[0.804127290567796, 0.8558769203397891, 0.9128981908048364, 0.9519053344191029, 0.9746781378792325, 0.9870000853355999]",31,0,5,0.7527755951478784,True,PureDephasing_pz0.700
pure_dephasing,2,32,0.8,"[0, 1, 2, 3, 4, 5]","[0.7487654668054865, 0.26311613447486787, 0.6283129666055741, 0.38574872626082213, 0.5809282567984251, 0.4823347868753595]","[0.2991878446494525, 0.771411924965146, 0.4504263306241726, 0.7174394207772512, 0.5595836530705272, 0.6968496496861456]","[0.6628350290378159, 0.6021362808738325, 0.61710133569413, 0.6818841561118659, 0.7669714274140438, 0.8473405367766706]",31,0,5,0.6441733870729643,True,PureDephasing_pz0.800
pure_dephasing,2,64,0.1,"[0, 1, 2, 3, 4, 5, 6]","[0.04373543520596233, 0.07579202107200868, 0.10356044322464054, 0.1268328239007677, 0.14598541847489122, 0.16155849233114017, 0.17412239887015515]","[0.9808721170734502, 0.9790960111315875, 0.9772981065213562, 0.9750531073739963, 0.9724125356125749, 0.9695839995475978, 0.9667752614654859]","[0.9649557614027814, 0.9692067717257604, 0.9757517551554605, 0.98211948884571, 0.9873687822082775, 0.9913327312096762, 0.9941707524440327]",63,0,6,3.9812659471699403,False,PureDephasing_pz0.100
pure_dephasing,2,64,0.2,"[0, 1, 2, 3, 4, 5, 6]","[0.13108047856010682, 0.20136538254545872, 0.25369296863949, 0.2899563616490361, 0.3135201994326581, 0.3281376375078144, 0.33695781173160405]","[0.9140895407022673, 0.8999244337928075, 0.893496646757994, 0.8896579640963589, 0.8866473811119067, 0.8841384530348155, 0.8821489160150349]","[0.8515201290910596, 0.8728629928699836, 0.9118262314610411, 0.9460077288418004, 0.969416931075995, 0.98348922146412, 0.9913414808268356]",63,0,6,2.5706178023838415,False,PureDephasing_pz0.200
pure_dephasing,2,64,0.3,"[0, 1, 2, 3, 4, 5, 6]","[0.29817533062463963, 0.39263493875881317, 0.4435036002933886, 0.4731868809847389, 0.49404312090531505, 0.5136304135362479, 0.5364323823740196]","[0.7036382406896227, 0.6120603944787399, 0.5655410550253576, 0.5428419791583923, 0.5332468778330082, 0.5311078226361002, 0.5332610930441224]","[0.4125373606486367, 0.2547358601601031, 0.22123741544825076, 0.2588266098719966, 0.3306084278833311, 0.42390576474267233, 0.532994536195593]",63,0,6,1.7990501804769077,False,PureDephasing_pz0.300
pure_dephasing,2,64,0.4,"[0, 1, 2, 3, 4, 5, 6]","[0.3998632243995876, 0.4732116973286962, 0.4928332443242588, 0.4982571247954783, 0.5001160459759948, 0.5014336531142453, 0.5033457615963965]","[0.6002735044319127, 0.5270836660935565, 0.5077047626461815, 0.5027001831432089, 0.5015807795354618, 0.501566861066289, 0.5019384310094929]","[0.20163434885105894, 0.0636545860802523, 0.0485538611175636, 0.0619788852002235, 0.08238541079887682, 0.10959141465983938, 0.14553881580594558]",63,0,6,1.2587948350393876,False,PureDephasing_pz0.400
pure_dephasing,2,64,0.5,"[0, 1, 2, 3, 4, 5, 6]","[0.37002983883905627, 0.37385560761406716, 0.3822231849538771, 0.39056905430659783, 0.3966390599040903, 0.4003519751896812, 0.40241540933289405]","[0.7261558367374845, 0.7620340897666918, 0.7905671746401479, 0.8102156978634971, 0.8222150226700279, 0.8289460595345148, 0.8325281311823077]","[0.6725412057821952, 0.7792357925844398, 0.864087351501996, 0.9225180411145293, 0.9582015790252659, 0.97821830604992, 0.9888706545365136]",63,0,6,1.0875215106853149,False,PureDephasing_pz0.500
pure_dephasing,2,64,0.6,"[0, 1, 2, 3, 4, 5, 6]","[0.424555912271464, 0.34137349096879066, 0.3682354174651403, 0.37111168297314584, 0.37688780243284953, 0.3796492955900436, 0.38129372603168094]","[0.699587128925575, 0.7967557955258942, 0.8099786516183038, 0.8310054154890478, 0.8410337017438242, 0.8470375992866418, 0.8501018592569405]","[0.7206520701981782, 0.8081872452893898, 0.8844794498325665, 0.9353700801890308, 0.9655632912792133, 0.9821836629239118, 0.9909324190237456]",63,0,6,0.8981001441993324,True,PureDephasing_pz0.600
pure_dephasing,2,64,0.7,"[0, 1, 2, 3, 4, 5, 6]","[0.6885654012367091, 0.38985981380359047, 0.5493487061362784, 0.476596934327055, 0.5311111253512657, 0.532229871854978, 0.5667568402774195]","[0.32268241174247125, 0.6224784059820657, 0.474771881075182, 0.5631124778384654, 0.5314482633393499, 0.5625067128367551, 0.5626317484727302]","[0.4326879869963639, 0.3128519164143694, 0.3259195115901171, 0.4012835189658932, 0.5040924153812979, 0.6189518538029312, 0.7316968346903641]",63,0,6,0.8230980517747285,True,PureDephasing_pz0.700
pure_dephasing,2,64,0.8,"[0, 1, 2, 3, 4, 5, 6]","[0.7798889058802334, 0.2677870342216965, 0.6594253561992846, 0.377299236656306, 0.6061222834057912, 0.47523633418714895, 0.6025442693903218]","[0.2397166181061655, 0.7469565381978511, 0.37540058024486733, 0.6746784793096174, 0.4696058604836036, 0.6416962400975951, 0.5401821474618429]","[0.6259179614653445, 0.5240856185590411, 0.4908864660730453, 0.517815385213876, 0.5898816251576376, 0.6856990985242276, 0.782922075399486]",63,0,6,0.7726026935980723,True,PureDephasing_pz0.800
