run_id,M,N,noise,mode,delta,p_channel,fidelity_init,fidelity_final,eps_L_init,eps_L_final,error_reduction_ratio,max_depth
M1_N2_depolarizing_iid_p_d0.01000,1,2,depolarizing,iid_p,0.01,0.0075,0.995,0.9937593984962406,0.0049999999999998,0.0063651747048732,1.273034940974699,1
M1_N2_depolarizing_iid_p_d0.10000,1,2,depolarizing,iid_p,0.1,0.075,0.9499999999999998,0.9384615384615382,0.0499999999999998,0.0628597470365705,1.2571949407314131,1
M1_N2_depolarizing_iid_p_d0.50000,1,2,depolarizing,iid_p,0.5,0.375,0.75,0.7142857142857141,0.2499999999999998,0.2945075446869757,1.1780301787479035,1
M1_N2_depolarizing_iid_p_d0.70000,1,2,depolarizing,iid_p,0.7,0.5249999999999999,0.6499999999999999,0.6181818181818182,0.3499999999999998,0.3962751268057144,1.1322146480163275,1
M1_N2_depolarizing_iid_p_d0.80000,1,2,depolarizing,iid_p,0.8,0.6000000000000001,0.5999999999999998,0.5749999999999998,0.3999999999999999,0.4430011286667337,1.1075028216668343,1
M1_N2_depolarizing_iid_p_d0.90000,1,2,depolarizing,iid_p,0.9,0.675,0.5499999999999998,0.5354838709677419,0.4499999999999999,0.4866693275101995,1.0814873944671102,1
M1_N2_depolarizing_iid_p_d0.95000,1,2,depolarizing,iid_p,0.95,0.7124999999999999,0.525,0.5172131147540984,0.4749999999999998,0.5072843475789248,1.067967047534579,1
M1_N2_depolarizing_iid_p_d0.99000,1,2,depolarizing,iid_p,0.99,0.7424999999999999,0.505,0.5033554817275747,0.4949999999999998,0.5231636273800525,1.0568962169293994,1
M1_N4_depolarizing_iid_p_d0.01000,1,4,depolarizing,iid_p,0.01,0.0075,0.995,0.9922100369684752,0.0049999999999998,0.008284048667273,1.6568097334546592,2
M1_N4_depolarizing_iid_p_d0.10000,1,4,depolarizing,iid_p,0.1,0.075,0.9499999999999998,0.924196827978853,0.0499999999999998,0.0810438199257815,1.6208763985156347,2
M1_N4_depolarizing_iid_p_d0.50000,1,4,depolarizing,iid_p,0.5,0.375,0.75,0.6744186046511628,0.2499999999999998,0.3589616055914681,1.4358464223658736,2
M1_N4_depolarizing_iid_p_d0.70000,1,4,depolarizing,iid_p,0.7,0.5249999999999999,0.6499999999999999,0.5859922178988326,0.3499999999999998,0.4657516755756821,1.3307190730733782,2
M1_N4_depolarizing_iid_p_d0.80000,1,4,depolarizing,iid_p,0.8,0.6000000000000001,0.5999999999999998,0.5513011152416354,0.3999999999999999,0.5105097683699217,1.2762744209248045,2
M1_N4_depolarizing_iid_p_d0.90000,1,4,depolarizing,iid_p,0.9,0.675,0.5499999999999998,0.5227510590580612,0.4499999999999999,0.5495607608590048,1.221246135242233,2
M1_N4_depolarizing_iid_p_d0.95000,1,4,depolarizing,iid_p,0.95,0.7124999999999999,0.525,0.5106775072118096,0.4749999999999998,0.5670009010712014,1.1936861075183192,2
M1_N4_depolarizing_iid_p_d0.99000,1,4,depolarizing,iid_p,0.99,0.7424999999999999,0.505,0.5020267551370147,0.4949999999999998,0.579982071060872,1.1716809516381257,2
M1_N8_depolarizing_iid_p_d0.01000,1,8,depolarizing,iid_p,0.01,0.0075,0.995,0.9902745863117872,0.0049999999999998,0.0108335860143646,2.166717202873003,3
M1_N8_depolarizing_iid_p_d0.10000,1,8,depolarizing,iid_p,0.1,0.075,0.9499999999999998,0.9065673198261446,0.0499999999999998,0.1051596490228016,2.1031929804560376,3
M1_N8_depolarizing_iid_p_d0.50000,1,8,depolarizing,iid_p,0.5,0.375,0.75,0.6327028676021963,0.2499999999999998,0.4358229600911831,1.7432918403647335,3
M1_N8_depolarizing_iid_p_d0.70000,1,8,depolarizing,iid_p,0.7,0.5249999999999999,0.6499999999999999,0.5571759224795368,0.3499999999999998,0.5402128602524432,1.5434653150069817,3
M1_N8_depolarizing_iid_p_d0.80000,1,8,depolarizing,iid_p,0.8,0.6000000000000001,0.5999999999999998,0.5319608574993713,0.3999999999999999,0.5786136549704343,1.4465341374260858,3
M1_N8_depolarizing_iid_p_d0.90000,1,8,depolarizing,iid_p,0.9,0.675,0.5499999999999998,0.5133417798447508,0.4499999999999999,0.6092772224035177,1.3539493831189282,3
M1_N8_depolarizing_iid_p_d0.95000,1,8,depolarizing,iid_p,0.95,0.7124999999999999,0.525,0.5060890358956677,0.4749999999999998,0.6220915252634522,1.3096663689756896,3
M1_N8_depolarizing_iid_p_d0.99000,1,8,depolarizing,iid_p,0.99,0.7424999999999999,0.505,0.5011317048625572,0.4949999999999998,0.631273830122059,1.275300666913251,3
M1_N16_depolarizing_iid_p_d0.01000,1,16,depolarizing,iid_p,0.01,0.0075,0.995,0.987856117745112,0.0049999999999998,0.0141260450305373,2.82520900610756,4
M1_N16_depolarizing_iid_p_d0.10000,1,16,depolarizing,iid_p,0.1,0.075,0.9499999999999998,0.884823031212397,0.0499999999999998,0.136052286213664,2.721045724273288,4
M1_N16_depolarizing_iid_p_d0.50000,1,16,depolarizing,iid_p,0.5,0.375,0.75,0.593030339652152,0.2499999999999998,0.5139865771812699,2.055946308725081,4
M1_N16_depolarizing_iid_p_d0.70000,1,16,depolarizing,iid_p,0.7,0.5249999999999999,0.6499999999999999,0.5347934872110824,0.3499999999999998,0.6032327683010495,1.7235221951458568,4
M1_N16_depolarizing_iid_p_d0.80000,1,16,depolarizing,iid_p,0.8,0.6000000000000001,0.5999999999999998,0.5183763803101258,0.3999999999999999,0.6312857461760932,1.5782143654402332,4
M1_N16_depolarizing_iid_p_d0.90000,1,16,depolarizing,iid_p,0.9,0.675,0.5499999999999998,0.5073244620434015,0.4499999999999999,0.6518046790943814,1.448454842431959,4
M1_N16_depolarizing_iid_p_d0.95000,1,16,depolarizing,iid_p,0.95,0.7124999999999999,0.525,0.5032788109545626,0.4749999999999998,0.6598908705731314,1.3892439380486985,4
M1_N16_depolarizing_iid_p_d0.99000,1,16,depolarizing,iid_p,0.99,0.7424999999999999,0.505,0.5006010677710251,0.4949999999999998,0.6655113380420921,1.3444673495799846,4
M1_N32_depolarizing_iid_p_d0.01000,1,32,depolarizing,iid_p,0.01,0.0075,0.995,0.9848330418867868,0.0049999999999998,0.0183167252870086,3.6633450574018505,5
M1_N32_depolarizing_iid_p_d0.10000,1,32,depolarizing,iid_p,0.1,0.075,0.9499999999999998,0.858137665753232,0.0499999999999998,0.1747657168064186,3.495314336128382,5
M1_N32_depolarizing_iid_p_d0.50000,1,32,depolarizing,iid_p,0.5,0.375,0.75,0.5596895709991568,0.2499999999999998,0.5820184803190069,2.328073921276029,5
M1_N32_depolarizing_iid_p_d0.70000,1,32,depolarizing,iid_p,0.7,0.5249999999999999,0.6499999999999999,0.519668523020098,0.3499999999999998,0.6476534000335805,1.850438285810231,5
M1_N32_depolarizing_iid_p_d0.80000,1,32,depolarizing,iid_p,0.8,0.6000000000000001,0.5999999999999998,0.5099669436212507,0.3999999999999999,0.665418047069941,1.6635451176748526,5
M1_N32_depolarizing_iid_p_d0.90000,1,32,depolarizing,iid_p,0.9,0.675,0.5499999999999998,0.5038549892638498,0.4499999999999999,0.6775662869877128,1.5057028599726954,5
M1_N32_depolarizing_iid_p_d0.95000,1,32,depolarizing,iid_p,0.95,0.7124999999999999,0.525,0.5017057165500846,0.4749999999999998,0.6821632132392255,1.4361330805036332,5
M1_N32_depolarizing_iid_p_d0.99000,1,32,depolarizing,iid_p,0.99,0.7424999999999999,0.505,0.5003102067239593,0.4949999999999998,0.685296650527505,1.384437677833344,5
M1_N64_depolarizing_iid_p_d0.01000,1,64,depolarizing,iid_p,0.01,0.0075,0.995,0.9810527242134796,0.0049999999999998,0.0236109177613662,4.722183552273406,6
M1_N64_depolarizing_iid_p_d0.10000,1,64,depolarizing,iid_p,0.1,0.075,0.9499999999999998,0.8257186912979076,0.0499999999999998,0.2223576339895119,4.44715267979025,6
M1_N64_depolarizing_iid_p_d0.50000,1,64,depolarizing,iid_p,0.5,0.375,0.75,0.5352610901396795,0.2499999999999998,0.6327981131215186,2.531192452486076,6
M1_N64_depolarizing_iid_p_d0.70000,1,64,depolarizing,iid_p,0.7,0.5249999999999999,0.6499999999999999,0.5105534550556549,0.3499999999999998,0.6749942528901953,1.9285550082577017,6
M1_N64_depolarizing_iid_p_d0.80000,1,64,depolarizing,iid_p,0.8,0.6000000000000001,0.5999999999999998,0.505210044496995,0.3999999999999999,0.685160923924596,1.7129023098114902,6
M1_N64_depolarizing_iid_p_d0.90000,1,64,depolarizing,iid_p,0.9,0.675,0.5499999999999998,0.5019802301226078,0.4499999999999999,0.6918189944606172,1.5373755432458165,6
M1_N64_depolarizing_iid_p_d0.95000,1,64,depolarizing,iid_p,0.95,0.7124999999999999,0.525,0.5008705664828459,0.4749999999999998,0.6942780539140339,1.461638008240072,6
M1_N64_depolarizing_iid_p_d0.99000,1,64,depolarizing,iid_p,0.99,0.7424999999999999,0.505,0.5001576431718131,0.4949999999999998,0.6959357572322438,1.4059308226914022,6
M1_N128_depolarizing_iid_p_d0.01000,1,128,depolarizing,iid_p,0.01,0.0075,0.995,0.9763234554477074,0.0049999999999998,0.0302733282210485,6.054665644209906,7
M1_N128_depolarizing_iid_p_d0.10000,1,128,depolarizing,iid_p,0.1,0.075,0.9499999999999998,0.7870579287568704,0.0499999999999998,0.2795035775788735,5.590071551577484,7
M1_N128_depolarizing_iid_p_d0.50000,1,128,depolarizing,iid_p,0.5,0.375,0.75,0.5195134305489663,0.2499999999999998,0.6658555235274748,2.663422094109901,7
M1_N128_depolarizing_iid_p_d0.70000,1,128,depolarizing,iid_p,0.7,0.5249999999999999,0.6499999999999999,0.5054824997469697,0.3499999999999998,0.6903669564037026,1.9724770182962943,7
M1_N128_depolarizing_iid_p_d0.80000,1,128,depolarizing,iid_p,0.8,0.6000000000000001,0.5999999999999998,0.5026665368412526,0.3999999999999999,0.6958344988855858,1.7395862472139647,7
M1_N128_depolarizing_iid_p_d0.90000,1,128,depolarizing,iid_p,0.9,0.675,0.5499999999999998,0.5010039371379504,0.4499999999999999,0.6993271683196765,1.5540603740437255,7
M1_N128_depolarizing_iid_p_d0.95000,1,128,depolarizing,iid_p,0.95,0.7124999999999999,0.525,0.5004398637666145,0.4749999999999998,0.7006000616860522,1.474947498286426,7
M1_N128_depolarizing_iid_p_d0.99000,1,128,depolarizing,iid_p,0.99,0.7424999999999999,0.505,0.5000794726558528,0.4949999999999998,0.7014530826114052,1.417076934568496,7
M1_N256_depolarizing_iid_p_d0.01000,1,256,depolarizing,iid_p,0.01,0.0075,0.995,0.9704044255078468,0.0049999999999998,0.038640950983128,7.728190196625851,8
M1_N256_depolarizing_iid_p_d0.10000,1,256,depolarizing,iid_p,0.1,0.075,0.9499999999999998,0.7423942916769439,0.0499999999999998,0.3457900203245859,6.915800406491734,8
M1_N256_depolarizing_iid_p_d0.50000,1,256,depolarizing,iid_p,0.5,0.375,0.75,0.5103312190531272,0.2499999999999998,0.6852298981190448,2.740919592476181,8
M1_N256_depolarizing_iid_p_d0.70000,1,256,depolarizing,iid_p,0.7,0.5249999999999999,0.6499999999999999,0.5027965812398961,0.3499999999999998,0.698552933340445,1.995865523829844,8
M1_N256_depolarizing_iid_p_d0.80000,1,256,depolarizing,iid_p,0.8,0.6000000000000001,0.5999999999999998,0.5013493259362898,0.3999999999999999,0.7013924593797691,1.753481148449423,8
M1_N256_depolarizing_iid_p_d0.90000,1,256,depolarizing,iid_p,0.9,0.675,0.5499999999999998,0.5005055088593674,0.4499999999999999,0.703182203989019,1.562627119975598,8
M1_N256_depolarizing_iid_p_d0.95000,1,256,depolarizing,iid_p,0.95,0.7124999999999999,0.525,0.5002210970336227,0.4749999999999998,0.7038299260028174,1.4817472126375109,8
M1_N256_depolarizing_iid_p_d0.99000,1,256,depolarizing,iid_p,0.99,0.7424999999999999,0.505,0.5000399011712308,0.4949999999999998,0.7042626671437675,1.4227528629167028,8
M1_N512_depolarizing_iid_p_d0.01000,1,512,depolarizing,iid_p,0.01,0.0075,0.995,0.962993387450978,0.0049999999999998,0.0491397248737107,9.827944974742476,9
M1_N512_depolarizing_iid_p_d0.10000,1,512,depolarizing,iid_p,0.1,0.075,0.9499999999999998,0.6933680464548069,0.0499999999999998,0.4187263390444131,8.374526780888283,9
M1_N512_depolarizing_iid_p_d0.50000,1,512,depolarizing,iid_p,0.5,0.375,0.75,0.505326233113452,0.2499999999999998,0.6958183271914715,2.783273308765888,9
M1_N512_depolarizing_iid_p_d0.70000,1,512,depolarizing,iid_p,0.7,0.5249999999999999,0.6499999999999999,0.5014126590187035,0.3499999999999998,0.7027820761698462,2.0079487890567047,9
M1_N512_depolarizing_iid_p_d0.80000,1,512,depolarizing,iid_p,0.8,0.6000000000000001,0.5999999999999998,0.5006787671648875,0.3999999999999999,0.7042296329018987,1.7605740822547469,9
M1_N512_depolarizing_iid_p_d0.90000,1,512,depolarizing,iid_p,0.9,0.675,0.5499999999999998,0.5002536504334206,0.4499999999999999,0.7051356914985595,1.5669682033301324,9
M1_N512_depolarizing_iid_p_d0.95000,1,512,depolarizing,iid_p,0.95,0.7124999999999999,0.525,0.5001108423615148,0.4749999999999998,0.7054624278484718,1.4851840586283622,9
M1_N512_depolarizing_iid_p_d0.99000,1,512,depolarizing,iid_p,0.99,0.7424999999999999,0.505,0.5000199920598661,0.4949999999999998,0.705680380326521,1.4256169299525685,9
M1_N1024_depolarizing_iid_p_d0.01000,1,1024,depolarizing,iid_p,0.01,0.0075,0.995,0.9537119107561168,0.0049999999999998,0.0623049433232886,12.46098866465814,10
M1_N1024_depolarizing_iid_p_d0.10000,1,1024,depolarizing,iid_p,0.1,0.075,0.9499999999999998,0.6435311905141543,0.0499999999999998,0.492975146517549,9.859502930351004,10
M1_N1024_depolarizing_iid_p_d0.50000,1,1024,depolarizing,iid_p,0.5,0.375,0.75,0.5027057432178729,0.2499999999999998,0.7013696426123577,2.8054785704494325,10
M1_N1024_depolarizing_iid_p_d0.70000,1,1024,depolarizing,iid_p,0.7,0.5249999999999999,0.6499999999999999,0.5007099920196912,0.3499999999999998,0.7049322470908383,2.0140921345452534,10
M1_N1024_depolarizing_iid_p_d0.80000,1,1024,depolarizing,iid_p,0.8,0.6000000000000001,0.5999999999999998,0.5003404211899202,0.3999999999999999,0.7056631532903848,1.764157883225962,10
M1_N1024_depolarizing_iid_p_d0.90000,1,1024,depolarizing,iid_p,0.9,0.675,0.5499999999999998,0.5001270506057162,0.4499999999999999,0.7061190223075843,1.569153382905743,10
M1_N1024_depolarizing_iid_p_d0.95000,1,1024,depolarizing,iid_p,0.95,0.7124999999999999,0.525,0.50005549496508,0.4749999999999998,0.7062831165258512,1.4869118242649504,10
M1_N1024_depolarizing_iid_p_d0.99000,1,1024,depolarizing,iid_p,0.99,0.7424999999999999,0.505,0.5000100064316746,0.4949999999999998,0.7063924913160815,1.4270555380122865,10
M2_N2_depolarizing_iid_p_d0.01000,2,2,depolarizing,iid_p,0.01,0.0075,0.9900249999999996,0.9887906015037592,0.0099749999999996,0.0112981986736347,1.13265149610377,1
M2_N2_depolarizing_iid_p_d0.10000,2,2,depolarizing,iid_p,0.1,0.075,0.9024999999999996,0.8915384615384612,0.0974999999999997,0.1093455292847352,1.1214926080485692,1
M2_N2_depolarizing_iid_p_d0.50000,2,2,depolarizing,iid_p,0.5,0.375,0.5625,0.5357142857142855,0.4374999999999997,0.4684890011012738,1.0708320025171978,1
M2_N2_depolarizing_iid_p_d0.70000,2,2,depolarizing,iid_p,0.7,0.5249999999999999,0.4224999999999999,0.4018181818181817,0.5774999999999996,0.6037604124407941,1.0454725756550556,1
M2_N2_depolarizing_iid_p_d0.80000,2,2,depolarizing,iid_p,0.8,0.6000000000000001,0.3599999999999997,0.3449999999999997,0.6399999999999999,0.6611398920067529,1.0330310812605517,1
M2_N2_depolarizing_iid_p_d0.90000,2,2,depolarizing,iid_p,0.9,0.675,0.3024999999999997,0.2945161290322579,0.6974999999999996,0.7120718323031017,1.020891515846741,1
M2_N2_depolarizing_iid_p_d0.95000,2,2,depolarizing,iid_p,0.95,0.7124999999999999,0.275625,0.2715368852459016,0.7243749999999998,0.7352246758461112,1.0149779821861762,1
M2_N2_depolarizing_iid_p_d0.99000,2,2,depolarizing,iid_p,0.99,0.7424999999999999,0.255025,0.2541945182724252,0.7449749999999997,0.7526785348944522,1.0103406622966575,1
M2_N4_depolarizing_iid_p_d0.01000,2,4,depolarizing,iid_p,0.01,0.0075,0.9900249999999996,0.9875577420996096,0.0099749999999996,0.0126071460212758,1.263874287847245,2
M2_N4_depolarizing_iid_p_d0.10000,2,4,depolarizing,iid_p,0.1,0.075,0.9024999999999996,0.8807100591715972,0.0974999999999997,0.1209089647411905,1.2400919460634965,2
M2_N4_depolarizing_iid_p_d0.50000,2,4,depolarizing,iid_p,0.5,0.375,0.5625,0.5102040816326529,0.4374999999999997,0.4971743818645001,1.1363985871188582,2
M2_N4_depolarizing_iid_p_d0.70000,2,4,depolarizing,iid_p,0.7,0.5249999999999999,0.4224999999999999,0.3821487603305785,0.5774999999999996,0.6277118482929783,1.0869469234510456,2
M2_N4_depolarizing_iid_p_d0.80000,2,4,depolarizing,iid_p,0.8,0.6000000000000001,0.3599999999999997,0.3306249999999998,0.6399999999999999,0.6804273923110561,1.0631678004860252,2
M2_N4_depolarizing_iid_p_d0.90000,2,4,depolarizing,iid_p,0.9,0.675,0.3024999999999997,0.2867429760665971,0.6974999999999996,0.7255172765297033,1.0401681383938406,2
M2_N4_depolarizing_iid_p_d0.95000,2,4,depolarizing,iid_p,0.95,0.7124999999999999,0.275625,0.267509406073636,0.7243749999999998,0.7453791088848939,1.028996181376903,2
M2_N4_depolarizing_iid_p_d0.99000,2,4,depolarizing,iid_p,0.99,0.7424999999999999,0.255025,0.2533667409851988,0.7449749999999997,0.7600449920367108,1.0202288560511577,2
M2_N8_depolarizing_iid_p_d0.01000,2,8,depolarizing,iid_p,0.01,0.0075,0.9900249999999996,0.9860180495197244,0.0099749999999996,0.014410987006732,1.444710476865418,3
M2_N8_depolarizing_iid_p_d0.10000,2,8,depolarizing,iid_p,0.1,0.075,0.9024999999999996,0.8673231770263079,0.0974999999999997,0.1368759250750557,1.4038556417954475,3
M2_N8_depolarizing_iid_p_d0.50000,2,8,depolarizing,iid_p,0.5,0.375,0.5625,0.4817275747508303,0.4374999999999997,0.5364551704552876,1.2261832467549438,3
M2_N8_depolarizing_iid_p_d0.70000,2,8,depolarizing,iid_p,0.7,0.5249999999999999,0.4224999999999999,0.3622497347010965,0.5774999999999996,0.6607987975496101,1.1442403420772478,3
M2_N8_depolarizing_iid_p_d0.80000,2,8,depolarizing,iid_p,0.8,0.6000000000000001,0.3599999999999997,0.3169981412639403,0.6399999999999999,0.7079804875904494,1.1062195118600773,3
M2_N8_depolarizing_iid_p_d0.90000,2,8,depolarizing,iid_p,0.9,0.675,0.3024999999999997,0.2799247606568972,0.6974999999999996,0.7467453163200225,1.0706026040430436,3
M2_N8_depolarizing_iid_p_d0.95000,2,8,depolarizing,iid_p,0.95,0.7124999999999999,0.275625,0.2641291041398785,0.7243749999999998,0.7633345918478281,1.0537837333533435,3
M2_N8_depolarizing_iid_p_d0.99000,2,8,depolarizing,iid_p,0.99,0.7424999999999999,0.255025,0.2526979191721231,0.7449749999999997,0.7753930296118091,1.040830940114513,3
M2_N16_depolarizing_iid_p_d0.01000,2,16,depolarizing,iid_p,0.01,0.0075,0.9900249999999996,0.9844807574609832,0.0099749999999996,0.0161732400560457,1.6213774492277002,4
M2_N16_depolarizing_iid_p_d0.10000,2,16,depolarizing,iid_p,0.1,0.075,0.9024999999999996,0.8541397768461735,0.0974999999999997,0.1521565431172709,1.5605799294079112,4
M2_N16_depolarizing_iid_p_d0.50000,2,16,depolarizing,iid_p,0.5,0.375,0.5625,0.4548404542996212,0.4374999999999997,0.570881993386984,1.3048731277416783,4
M2_N16_depolarizing_iid_p_d0.70000,2,16,depolarizing,iid_p,0.7,0.5249999999999999,0.4224999999999999,0.343386879437993,0.5774999999999996,0.689223137887534,1.1934599790260338,4
M2_N16_depolarizing_iid_p_d0.80000,2,16,depolarizing,iid_p,0.8,0.6000000000000001,0.3599999999999997,0.3039329196666711,0.6399999999999999,0.7318303005808772,1.143484844657621,4
M2_N16_depolarizing_iid_p_d0.90000,2,16,depolarizing,iid_p,0.9,0.675,0.3024999999999997,0.2732686697463246,0.6974999999999996,0.7656646288547775,1.097727066458463,4
M2_N16_depolarizing_iid_p_d0.95000,2,16,depolarizing,iid_p,0.95,0.7124999999999999,0.275625,0.2607915163720679,0.7243749999999998,0.7797788455668184,1.0764850327065658,4
M2_N16_depolarizing_iid_p_d0.99000,2,16,depolarizing,iid_p,0.99,0.7424999999999999,0.255025,0.2520308628734,0.7449749999999997,0.7898883821408474,1.060288442083087,4
M2_N32_depolarizing_iid_p_d0.01000,2,32,depolarizing,iid_p,0.01,0.0075,0.9900249999999996,0.9825603838933604,0.0099749999999996,0.0185317673639726,1.857821289621373,5
M2_N32_depolarizing_iid_p_d0.10000,2,32,depolarizing,iid_p,0.1,0.075,0.9024999999999996,0.837846641332613,0.0974999999999997,0.1725856895302643,1.770109636207844,5
M2_N32_depolarizing_iid_p_d0.50000,2,32,depolarizing,iid_p,0.5,0.375,0.5625,0.4267065851270626,0.4374999999999997,0.6125212684017005,1.400048613489602,5
M2_N32_depolarizing_iid_p_d0.70000,2,32,depolarizing,iid_p,0.7,0.5249999999999999,0.4224999999999999,0.3265007545736119,0.5774999999999996,0.7204443994708675,1.2475227696465248,5
M2_N32_depolarizing_iid_p_d0.80000,2,32,depolarizing,iid_p,0.8,0.6000000000000001,0.3599999999999997,0.2932706140043001,0.6399999999999999,0.7567771534046551,1.1824643021947738,5
M2_N32_depolarizing_iid_p_d0.90000,2,32,depolarizing,iid_p,0.9,0.675,0.3024999999999997,0.2683499590725936,0.6974999999999996,0.7846858048730383,1.12499756971045,5
M2_N32_depolarizing_iid_p_d0.95000,2,32,depolarizing,iid_p,0.95,0.7124999999999999,0.275625,0.2584482872784276,0.7243749999999998,0.7961076461968557,1.0990269490206812,5
M2_N32_depolarizing_iid_p_d0.99000,2,32,depolarizing,iid_p,0.99,0.7424999999999999,0.255025,0.2515815236884297,0.7449749999999997,0.8042212765843505,1.0795278721894703,5
M2_N64_depolarizing_iid_p_d0.01000,2,64,depolarizing,iid_p,0.01,0.0075,0.9900249999999996,0.9806437562949816,0.0099749999999996,0.0208224422623862,2.0874628834473072,6
M2_N64_depolarizing_iid_p_d0.10000,2,64,depolarizing,iid_p,0.1,0.075,0.9024999999999996,0.8218643053767589,0.0974999999999997,0.1918655433647673,1.9678517268181324,6
M2_N64_depolarizing_iid_p_d0.50000,2,64,depolarizing,iid_p,0.5,0.375,0.5625,0.4003129186720423,0.4374999999999997,0.6478003466817687,1.4806865067011863,6
M2_N64_depolarizing_iid_p_d0.70000,2,64,depolarizing,iid_p,0.7,0.5249999999999999,0.4224999999999999,0.3104450085909229,0.5774999999999996,0.7471281763754121,1.2937284439401084,6
M2_N64_depolarizing_iid_p_d0.80000,2,64,depolarizing,iid_p,0.8,0.6000000000000001,0.3599999999999997,0.2829823539114663,0.6399999999999999,0.7787760996890238,1.2168376557641,6
M2_N64_depolarizing_iid_p_d0.90000,2,64,depolarizing,iid_p,0.9,0.675,0.3024999999999997,0.2635197829341765,0.6974999999999996,0.8023125626931824,1.1502689070870007,6
M2_N64_depolarizing_iid_p_d0.95000,2,64,depolarizing,iid_p,0.95,0.7124999999999999,0.275625,0.2561261122538064,0.7243749999999998,0.81171842876705,1.1205776410934258,6
M2_N64_depolarizing_iid_p_d0.99000,2,64,depolarizing,iid_p,0.99,0.7424999999999999,0.255025,0.251132985618453,0.7449749999999997,0.8183094538243428,1.0984388118048836,6
M2_N128_depolarizing_iid_p_d0.01000,2,128,depolarizing,iid_p,0.01,0.0075,0.9900249999999996,0.9782488083356088,0.0099749999999996,0.0238378442717311,2.389758824233778,7
M2_N128_depolarizing_iid_p_d0.10000,2,128,depolarizing,iid_p,0.1,0.075,0.9024999999999996,0.8021516439266677,0.0974999999999997,0.2171422076398617,2.2270995655370496,7
M2_N128_depolarizing_iid_p_d0.50000,2,128,depolarizing,iid_p,0.5,0.375,0.5625,0.375211996473021,0.4374999999999997,0.6854926013878069,1.5668402317435597,7
M2_N128_depolarizing_iid_p_d0.70000,2,128,depolarizing,iid_p,0.7,0.5249999999999999,0.4224999999999999,0.2979740545728833,0.5774999999999996,0.7712313196822956,1.3354654886273527,7
M2_N128_depolarizing_iid_p_d0.80000,2,128,depolarizing,iid_p,0.8,0.6000000000000001,0.3599999999999997,0.2757559437771946,0.6399999999999999,0.7970605762010791,1.245407150314186,7
M2_N128_depolarizing_iid_p_d0.90000,2,128,depolarizing,iid_p,0.9,0.675,0.3024999999999997,0.2604308423041405,0.6974999999999996,0.8158821125757116,1.16972345888991,7
M2_N128_depolarizing_iid_p_d0.95000,2,128,depolarizing,iid_p,0.95,0.7124999999999999,0.275625,0.2547038882227125,0.7243749999999998,0.8233276791355254,1.1366042162354109,7
M2_N128_depolarizing_iid_p_d0.99000,2,128,depolarizing,iid_p,0.99,0.7424999999999999,0.255025,0.2508670665481103,0.7449749999999997,0.8285235161170946,1.112149422621021,7
M2_N256_depolarizing_iid_p_d0.01000,2,256,depolarizing,iid_p,0.01,0.0075,0.9900249999999996,0.9758597093664444,0.0099749999999996,0.0267590862294316,2.6826151608453603,8
M2_N256_depolarizing_iid_p_d0.10000,2,256,depolarizing,iid_p,0.1,0.075,0.9024999999999996,0.7829117965638945,0.0974999999999997,0.2407132387520026,2.4688537307897778,8
M2_N256_depolarizing_iid_p_d0.50000,2,256,depolarizing,iid_p,0.5,0.375,0.5625,0.3516849837479466,0.4374999999999997,0.7172561188608786,1.639442557396295,8
M2_N256_depolarizing_iid_p_d0.70000,2,256,depolarizing,iid_p,0.7,0.5249999999999999,0.4224999999999999,0.2860040739633901,0.5774999999999996,0.7926451402089351,1.3725456973314902,8
M2_N256_depolarizing_iid_p_d0.80000,2,256,depolarizing,iid_p,0.8,0.6000000000000001,0.3599999999999997,0.268714071663428,0.6399999999999999,0.814008303119102,1.271887973623597,8
M2_N256_depolarizing_iid_p_d0.90000,2,256,depolarizing,iid_p,0.9,0.675,0.3024999999999997,0.2573781097876268,0.6974999999999996,0.829024639915529,1.1885657919935908,8
M2_N256_depolarizing_iid_p_d0.95000,2,256,depolarizing,iid_p,0.95,0.7124999999999999,0.275625,0.2532895615558382,0.7243749999999998,0.8348113881622501,1.1524574815009496,8
M2_N256_depolarizing_iid_p_d0.99000,2,256,depolarizing,iid_p,0.99,0.7424999999999999,0.255025,0.2506014290534904,0.7449749999999997,0.8387917803024157,1.1259327900968703,8
M2_N512_depolarizing_iid_p_d0.01000,2,512,depolarizing,iid_p,0.01,0.0075,0.9900249999999996,0.9728733453853902,0.0099749999999996,0.0305681649399363,3.064477688214269,9
M2_N512_depolarizing_iid_p_d0.10000,2,512,depolarizing,iid_p,0.1,0.075,0.9024999999999996,0.7592999706093054,0.0974999999999997,0.2711791526987548,2.7813246430641594,9
M2_N512_depolarizing_iid_p_d0.50000,2,512,depolarizing,iid_p,0.5,0.375,0.5625,0.3319128963893972,0.4374999999999997,0.7468048761081303,1.7069825739614417,9
M2_N512_depolarizing_iid_p_d0.70000,2,512,depolarizing,iid_p,0.7,0.5249999999999999,0.4224999999999999,0.2779153416197509,0.5774999999999996,0.80883002792362,1.4005714769240185,9
M2_N512_depolarizing_iid_p_d0.80000,2,512,depolarizing,iid_p,0.8,0.6000000000000001,0.3599999999999997,0.2643548183122018,0.6399999999999999,0.8257405294124603,1.2902195772069696,9
M2_N512_depolarizing_iid_p_d0.90000,2,512,depolarizing,iid_p,0.9,0.675,0.3024999999999997,0.2556179613761664,0.6974999999999996,0.837481672239176,1.2006905695185326,9
M2_N512_depolarizing_iid_p_d0.95000,2,512,depolarizing,iid_p,0.95,0.7124999999999999,0.275625,0.2524978564744333,0.7243749999999998,0.8419771853213537,1.1623498675704629,9
M2_N512_depolarizing_iid_p_d0.99000,2,512,depolarizing,iid_p,0.99,0.7424999999999999,0.255025,0.2504558237027562,0.7449749999999997,0.8450605308299556,1.1343475027080854,9
M2_N1024_depolarizing_iid_p_d0.01000,2,1024,depolarizing,iid_p,0.01,0.0075,0.9900249999999996,0.9698961203919816,0.0099749999999996,0.0342539678175283,3.43398173609318,10
M2_N1024_depolarizing_iid_p_d0.10000,2,1024,depolarizing,iid_p,0.1,0.075,0.9024999999999996,0.7364002533844054,0.0974999999999997,0.2992329143545825,3.06905553184188,10
M2_N1024_depolarizing_iid_p_d0.50000,2,1024,depolarizing,iid_p,0.5,0.375,0.5625,0.3132524158852201,0.4374999999999997,0.7723434829062577,1.7653565323571614,10
M2_N1024_depolarizing_iid_p_d0.70000,2,1024,depolarizing,iid_p,0.7,0.5249999999999999,0.4224999999999999,0.2700553738178901,0.5774999999999996,0.8239099624018695,1.4266839175789958,10
M2_N1024_depolarizing_iid_p_d0.80000,2,1024,depolarizing,iid_p,0.8,0.6000000000000001,0.3599999999999997,0.2600662835863999,0.6399999999999999,0.8370449676509465,1.307882761954604,10
M2_N1024_depolarizing_iid_p_d0.90000,2,1024,depolarizing,iid_p,0.9,0.675,0.3024999999999997,0.2538698502060741,0.6974999999999996,0.8458514430729129,1.2126902409647504,10
M2_N1024_depolarizing_iid_p_d0.95000,2,1024,depolarizing,iid_p,0.95,0.7124999999999999,0.275625,0.2517086260190337,0.7243749999999998,0.8491472588997442,1.1722481572386465,10
M2_N1024_depolarizing_iid_p_d0.99000,2,1024,depolarizing,iid_p,0.99,0.7424999999999999,0.255025,0.2503103029521707,0.7449749999999997,0.851381921456213,1.1428328755410764,10
M3_N2_depolarizing_iid_p_d0.01000,3,2,depolarizing,iid_p,0.01,0.0075,0.9850748749999996,0.9838466484962404,0.0149251249999996,0.0162220631703254,1.086896302062853,1
M3_N2_depolarizing_iid_p_d0.10000,3,2,depolarizing,iid_p,0.1,0.075,0.8573749999999997,0.8469615384615383,0.1426249999999997,0.1536783564008736,1.0774994313821131,1
M3_N2_depolarizing_iid_p_d0.50000,3,2,depolarizing,iid_p,0.5,0.375,0.421875,0.4017857142857141,0.5781249999999998,0.6003354579706802,1.0384180894627986,1
M3_N2_depolarizing_iid_p_d0.70000,3,2,depolarizing,iid_p,0.7,0.5249999999999999,0.2746249999999999,0.2611818181818182,0.7253749999999994,0.7410434431324895,1.0216004730415165,1
M3_N2_depolarizing_iid_p_d0.80000,3,2,depolarizing,iid_p,0.8,0.6000000000000001,0.2159999999999997,0.2069999999999997,0.7839999999999996,0.7951357700699875,1.0142037883545765,1
M3_N2_depolarizing_iid_p_d0.90000,3,2,depolarizing,iid_p,0.9,0.675,0.1663749999999997,0.1619838709677418,0.8336249999999996,0.839982680545588,1.007626547363129,1
M3_N2_depolarizing_iid_p_d0.95000,3,2,depolarizing,iid_p,0.95,0.7124999999999999,0.144703125,0.1425568647540983,0.8552968749999997,0.8592998791056466,1.004680251059782,1
M3_N2_depolarizing_iid_p_d0.99000,3,2,depolarizing,iid_p,0.99,0.7424999999999999,0.128787625,0.1283682317275747,0.8712123749999995,0.873390592143351,1.0025002137318717,1
M3_N4_depolarizing_iid_p_d0.01000,3,4,depolarizing,iid_p,0.01,0.0075,0.9850748749999996,0.9826199533891116,0.0149251249999996,0.0175097096109224,1.1731700478838771,2
M3_N4_depolarizing_iid_p_d0.10000,3,4,depolarizing,iid_p,0.1,0.075,0.8573749999999997,0.8366745562130176,0.1426249999999997,0.1645156686069967,1.153484091898314,2
M3_N4_depolarizing_iid_p_d0.50000,3,4,depolarizing,iid_p,0.5,0.375,0.421875,0.3826530612244896,0.5781249999999998,0.6211189045864757,1.074367834960391,2
M3_N4_depolarizing_iid_p_d0.70000,3,4,depolarizing,iid_p,0.7,0.5249999999999999,0.2746249999999999,0.248396694214876,0.7253749999999994,0.7555952838471593,1.0416616010300326,2
M3_N4_depolarizing_iid_p_d0.80000,3,4,depolarizing,iid_p,0.8,0.6000000000000001,0.2159999999999997,0.1983749999999998,0.7839999999999996,0.805539869453202,1.027474323282146,2
M3_N4_depolarizing_iid_p_d0.90000,3,4,depolarizing,iid_p,0.9,0.675,0.1663749999999997,0.1577086368366284,0.8336249999999996,0.8460406985432248,1.0148936254829513,2
M3_N4_depolarizing_iid_p_d0.95000,3,4,depolarizing,iid_p,0.95,0.7124999999999999,0.144703125,0.1404424381886589,0.8552968749999997,0.8631995270952689,1.0092396597324984,2
M3_N4_depolarizing_iid_p_d0.99000,3,4,depolarizing,iid_p,0.99,0.7424999999999999,0.128787625,0.1279502041975254,0.8712123749999995,0.8755970354449292,1.0050328261750523,2
M3_N8_depolarizing_iid_p_d0.01000,3,8,depolarizing,iid_p,0.01,0.0075,0.9850748749999996,0.9813947877692136,0.0149251249999996,0.0187893217384666,1.2589054857809994,3
M3_N8_depolarizing_iid_p_d0.10000,3,8,depolarizing,iid_p,0.1,0.075,0.8573749999999997,0.8265125170687295,0.1426249999999997,0.1751529782496101,1.2280664557378471,3
M3_N8_depolarizing_iid_p_d0.50000,3,8,depolarizing,iid_p,0.5,0.375,0.421875,0.3644314868804663,0.5781249999999998,0.6406110534331007,1.1080839843167152,3
M3_N8_depolarizing_iid_p_d0.70000,3,8,depolarizing,iid_p,0.7,0.5249999999999999,0.2746249999999999,0.2362374154770849,0.7253749999999994,0.7691450602850092,1.0603412859348746,3
M3_N8_depolarizing_iid_p_d0.80000,3,8,depolarizing,iid_p,0.8,0.6000000000000001,0.2159999999999997,0.1901093749999998,0.7839999999999996,0.8152818051406979,1.039900261659054,3
M3_N8_depolarizing_iid_p_d0.90000,3,8,depolarizing,iid_p,0.9,0.675,0.1663749999999997,0.153546238796952,0.8336249999999996,0.8518178084025203,1.021823731776903,3
M3_N8_depolarizing_iid_p_d0.95000,3,8,depolarizing,iid_p,0.95,0.7124999999999999,0.144703125,0.1383593731413642,0.8552968749999997,0.8669950396982506,1.0136773149068865,3
M3_N8_depolarizing_iid_p_d0.99000,3,8,depolarizing,iid_p,0.99,0.7424999999999999,0.128787625,0.1275335379623504,0.8712123749999995,0.877821655060192,1.007586301859168,3
M3_N16_depolarizing_iid_p_d0.01000,3,16,depolarizing,iid_p,0.01,0.0075,0.9850748749999996,0.9798647037971578,0.0149251249999996,0.0205241811242513,1.3751429970771991,4
M3_N16_depolarizing_iid_p_d0.10000,3,16,depolarizing,iid_p,0.1,0.075,0.8573749999999997,0.8139494430554584,0.1426249999999997,0.1895495419399414,1.3290064290267607,4
M3_N16_depolarizing_iid_p_d0.50000,3,16,depolarizing,iid_p,0.5,0.375,0.421875,0.3440911248220217,0.5781249999999998,0.6659429803620998,1.151901371437146,4
M3_N16_depolarizing_iid_p_d0.70000,3,16,depolarizing,iid_p,0.7,0.5249999999999999,0.2746249999999999,0.2239361996334051,0.7253749999999994,0.7863071890775797,1.084000949960476,4
M3_N16_depolarizing_iid_p_d0.80000,3,16,depolarizing,iid_p,0.8,0.6000000000000001,0.2159999999999997,0.1822739312267656,0.7839999999999996,0.8277351970366396,1.055784690097755,4
M3_N16_depolarizing_iid_p_d0.90000,3,16,depolarizing,iid_p,0.9,0.675,0.1663749999999997,0.1498951944162739,0.8336249999999996,0.8598165478397208,1.0314188608063832,4
M3_N16_depolarizing_iid_p_d0.95000,3,16,depolarizing,iid_p,0.95,0.7124999999999999,0.144703125,0.1366110366493962,0.8552968749999997,0.8729634030426829,1.0206554338722251,4
M3_N16_depolarizing_iid_p_d0.99000,3,16,depolarizing,iid_p,0.99,0.7424999999999999,0.128787625,0.1271968828364398,0.8712123749999995,0.8822850973487036,1.0127095558631205,4
M3_N32_depolarizing_iid_p_d0.01000,3,32,depolarizing,iid_p,0.01,0.0075,0.9850748749999996,0.9783370053655496,0.0149251249999996,0.0222326829947906,1.4896145254924946,5
M3_N32_depolarizing_iid_p_d0.10000,3,32,depolarizing,iid_p,0.1,0.075,0.8573749999999997,0.8015773290402554,0.1426249999999997,0.2034672914623462,1.4265892477640432,5
M3_N32_depolarizing_iid_p_d0.50000,3,32,depolarizing,iid_p,0.5,0.375,0.421875,0.3248860387854436,0.5781249999999998,0.6888096699851809,1.1914545642986918,5
M3_N32_depolarizing_iid_p_d0.70000,3,32,depolarizing,iid_p,0.7,0.5249999999999999,0.2746249999999999,0.2122755254707593,0.7253749999999994,0.8017782544813599,1.1053293186025994,5
M3_N32_depolarizing_iid_p_d0.80000,3,32,depolarizing,iid_p,0.8,0.6000000000000001,0.2159999999999997,0.1747614288083359,0.7839999999999996,0.839180385763799,1.070383145106887,5
M3_N32_depolarizing_iid_p_d0.90000,3,32,depolarizing,iid_p,0.9,0.675,0.1663749999999997,0.1463309650899673,0.8336249999999996,0.8675019903465873,1.040638165058135,5
M3_N32_depolarizing_iid_p_d0.95000,3,32,depolarizing,iid_p,0.95,0.7124999999999999,0.144703125,0.1348847924842416,0.8552968749999997,0.8789298091566479,1.027631264473693,5
M3_N32_depolarizing_iid_p_d0.99000,3,32,depolarizing,iid_p,0.99,0.7424999999999999,0.128787625,0.1268611163918566,0.8712123749999995,0.8869668003459594,1.0180833351293477,5
M3_N64_depolarizing_iid_p_d0.01000,3,64,depolarizing,iid_p,0.01,0.0075,0.9850748749999996,0.9768116887551146,0.0149251249999996,0.023918985732171,1.6025986872586735,6
M3_N64_depolarizing_iid_p_d0.10000,3,64,depolarizing,iid_p,0.1,0.075,0.8573749999999997,0.7893932724117994,0.1426249999999997,0.2169609338285511,1.5211984843369086,6
M3_N64_depolarizing_iid_p_d0.50000,3,64,depolarizing,iid_p,0.5,0.375,0.421875,0.3067528645276515,0.5781249999999998,0.7095903306586998,1.2273994908691028,6
M3_N64_depolarizing_iid_p_d0.70000,3,64,depolarizing,iid_p,0.7,0.5249999999999999,0.2746249999999999,0.2012220390792286,0.7253749999999994,0.8158030588687464,1.1246638757453,6
M3_N64_depolarizing_iid_p_d0.80000,3,64,depolarizing,iid_p,0.8,0.6000000000000001,0.2159999999999997,0.1675585575708822,0.7839999999999996,0.8497209360726137,1.083827724582416,6
M3_N64_depolarizing_iid_p_d0.90000,3,64,depolarizing,iid_p,0.9,0.675,0.1663749999999997,0.1428514865172787,0.8336249999999996,0.8748492249983246,1.0494517618813315,6
M3_N64_depolarizing_iid_p_d0.95000,3,64,depolarizing,iid_p,0.95,0.7124999999999999,0.144703125,0.1331803614828754,0.8552968749999997,0.8848266881031556,1.0345258049763784,6
M3_N64_depolarizing_iid_p_d0.99000,3,64,depolarizing,iid_p,0.99,0.7424999999999999,0.128787625,0.1265262362827149,0.8712123749999995,0.8917802052616133,1.023608285249178,6
M3_N128_depolarizing_iid_p_d0.01000,3,128,depolarizing,iid_p,0.01,0.0075,0.9850748749999996,0.97490627482659,0.0149251249999996,0.0261643417785405,1.7530400434529811,7
M3_N128_depolarizing_iid_p_d0.10000,3,128,depolarizing,iid_p,0.1,0.075,0.8573749999999997,0.774335208252337,0.1426249999999997,0.2348732466469497,1.6467887582608252,7
M3_N128_depolarizing_iid_p_d0.50000,3,128,depolarizing,iid_p,0.5,0.375,0.421875,0.287778859736856,0.5781249999999998,0.7341475387575782,1.2698768237968925,7
M3_N128_depolarizing_iid_p_d0.70000,3,128,depolarizing,iid_p,0.7,0.5249999999999999,0.2746249999999999,0.1913269013182332,0.7253749999999994,0.830705511131616,1.1452083558595438,7
M3_N128_depolarizing_iid_p_d0.80000,3,128,depolarizing,iid_p,0.8,0.6000000000000001,0.2159999999999997,0.1616804165681699,0.7839999999999996,0.8603724831213322,1.097413881532312,7
M3_N128_depolarizing_iid_p_d0.90000,3,128,depolarizing,iid_p,0.9,0.675,0.1663749999999997,0.1402802253033856,0.8336249999999996,0.8820431827189859,1.058081490741024,7
M3_N128_depolarizing_iid_p_d0.95000,3,128,depolarizing,iid_p,0.95,0.7124999999999999,0.144703125,0.131983727090509,0.8552968749999997,0.890599453260355,1.0412752335384778,7
M3_N128_depolarizing_iid_p_d0.99000,3,128,depolarizing,iid_p,0.99,0.7424999999999999,0.128787625,0.1263006559897283,0.8712123749999995,0.8965559550378321,1.0290900138302477,7
M3_N256_depolarizing_iid_p_d0.01000,3,256,depolarizing,iid_p,0.01,0.0075,0.9850748749999996,0.9730045776863482,0.0149251249999996,0.0283663705736957,1.900578425553984,8
M3_N256_depolarizing_iid_p_d0.10000,3,256,depolarizing,iid_p,0.1,0.075,0.8573749999999997,0.7595643840582442,0.1426249999999997,0.252001113873613,1.7668789754504015,8
M3_N256_depolarizing_iid_p_d0.50000,3,256,depolarizing,iid_p,0.5,0.375,0.421875,0.2699784800346331,0.5781249999999998,0.7558714706137344,1.3074533545751086,8
M3_N256_depolarizing_iid_p_d0.70000,3,256,depolarizing,iid_p,0.7,0.5249999999999999,0.2746249999999999,0.1819183591198172,0.7253749999999994,0.8442043201621323,1.1638177772354066,8
M3_N256_depolarizing_iid_p_d0.80000,3,256,depolarizing,iid_p,0.8,0.6000000000000001,0.2159999999999997,0.1560084873050946,0.7839999999999996,0.8703537252108428,1.110145057666892,8
M3_N256_depolarizing_iid_p_d0.90000,3,256,depolarizing,iid_p,0.9,0.675,0.1663749999999997,0.1377552456115912,0.8336249999999996,0.8891283372072311,1.0665807014031867,8
M3_N256_depolarizing_iid_p_d0.95000,3,256,depolarizing,iid_p,0.95,0.7124999999999999,0.144703125,0.130797844537626,0.8552968749999997,0.8964681372542802,1.0481368089346526,8
M3_N256_depolarizing_iid_p_d0.99000,3,256,depolarizing,iid_p,0.99,0.7424999999999999,0.128787625,0.1260754778779025,0.8712123749999995,0.9015562076945008,1.0348294325990277,8
M3_N512_depolarizing_iid_p_d0.01000,3,512,depolarizing,iid_p,0.01,0.0075,0.9850748749999996,0.97110659008425,0.0149251249999996,0.0305319538849526,2.04567491963742,9
M3_N512_depolarizing_iid_p_d0.10000,3,512,depolarizing,iid_p,0.1,0.075,0.8573749999999997,0.7450753205861849,0.1426249999999997,0.268444023760562,1.8821666871906224,9
M3_N512_depolarizing_iid_p_d0.50000,3,512,depolarizing,iid_p,0.5,0.375,0.421875,0.2532791315820061,0.5781249999999998,0.7752571048026712,1.3409852623613776,9
M3_N512_depolarizing_iid_p_d0.70000,3,512,depolarizing,iid_p,0.7,0.5249999999999999,0.2746249999999999,0.1729724840408153,0.7253749999999994,0.8564679341082537,1.1807243620310246,9
M3_N512_depolarizing_iid_p_d0.80000,3,512,depolarizing,iid_p,0.8,0.6000000000000001,0.2159999999999997,0.1505355356439342,0.7839999999999996,0.8796910129420636,1.1220548634465104,9
M3_N512_depolarizing_iid_p_d0.90000,3,512,depolarizing,iid_p,0.9,0.675,0.1663749999999997,0.1352757143957327,0.8336249999999996,0.8960628680411662,1.074899226919978,9
M3_N512_depolarizing_iid_p_d0.95000,3,512,depolarizing,iid_p,0.95,0.7124999999999999,0.144703125,0.1296226172182344,0.8552968749999997,0.9023830361596736,1.055052418097136,9
M3_N512_depolarizing_iid_p_d0.99000,3,512,depolarizing,iid_p,0.99,0.7424999999999999,0.128787625,0.1258507012301994,0.8712123749999995,0.9067344147881368,1.0407731120533468,9
M3_N1024_depolarizing_iid_p_d0.01000,3,1024,depolarizing,iid_p,0.01,0.0075,0.9850748749999996,0.968734933984544,0.0149251249999996,0.0333842962405404,2.236785034667465,10
M3_N1024_depolarizing_iid_p_d0.10000,3,1024,depolarizing,iid_p,0.1,0.075,0.8573749999999997,0.7272044659287353,0.1426249999999997,0.2899919993441986,2.0332480234474963,10
M3_N1024_depolarizing_iid_p_d0.50000,3,1024,depolarizing,iid_p,0.5,0.375,0.421875,0.2373977061272256,0.5781249999999998,0.7957702558588972,1.3764674695937686,10
M3_N1024_depolarizing_iid_p_d0.70000,3,1024,depolarizing,iid_p,0.7,0.5249999999999999,0.2746249999999999,0.1660239687316141,0.7253749999999994,0.8674218189070027,1.1958253577901132,10
M3_N1024_depolarizing_iid_p_d0.80000,3,1024,depolarizing,iid_p,0.8,0.6000000000000001,0.2159999999999997,0.1466913683122649,0.7839999999999996,0.8873870983542341,1.1318712989212176,10
M3_N1024_depolarizing_iid_p_d0.90000,3,1024,depolarizing,iid_p,0.9,0.675,0.1663749999999997,0.1336900321148751,0.8336249999999996,0.90139051289766,1.0812901639198207,10
M3_N1024_depolarizing_iid_p_d0.95000,3,1024,depolarizing,iid_p,0.95,0.7124999999999999,0.144703125,0.1289028452295105,0.8552968749999997,0.9067935627264848,1.060209138173789,10
M3_N1024_depolarizing_iid_p_d0.99000,3,1024,depolarizing,iid_p,0.99,0.7424999999999999,0.128787625,0.1257174407531231,0.8712123749999995,0.9105160870034869,1.045113812809979,10
M4_N2_depolarizing_iid_p_d0.01000,4,2,depolarizing,iid_p,0.01,0.0075,0.9801495006249996,0.9789274152537588,0.0198504993749994,0.0211284514995561,1.0643788400691905,1
M4_N2_depolarizing_iid_p_d0.10000,4,2,depolarizing,iid_p,0.1,0.075,0.8145062499999998,0.8046134615384614,0.1854937499999995,0.1958724887697057,1.055951959404057,1
M4_N2_depolarizing_iid_p_d0.50000,4,2,depolarizing,iid_p,0.5,0.375,0.31640625,0.3013392857142855,0.6835937499999998,0.6997676872051213,1.023660159568635,1
M4_N2_depolarizing_iid_p_d0.70000,4,2,depolarizing,iid_p,0.7,0.5249999999999999,0.1785062499999999,0.1697681818181818,0.8214937499999997,0.8311382075612735,1.0117401472150869,1
M4_N2_depolarizing_iid_p_d0.80000,4,2,depolarizing,iid_p,0.8,0.6000000000000001,0.1295999999999998,0.1241999999999997,0.8703999999999998,0.8765528247776497,1.0070689622904985,1
M4_N2_depolarizing_iid_p_d0.90000,4,2,depolarizing,iid_p,0.9,0.675,0.0915062499999998,0.0890911290322579,0.9084937499999992,0.9114987689951828,1.003307693635959,1
M4_N2_depolarizing_iid_p_d0.95000,4,2,depolarizing,iid_p,0.95,0.7124999999999999,0.075969140625,0.0748423539959015,0.9240308593749996,0.9256677863102444,1.0017715067831736,1
M4_N2_depolarizing_iid_p_d0.99000,4,2,depolarizing,iid_p,0.99,0.7424999999999999,0.065037750625,0.0648259570224252,0.934962249375,0.9356227947515778,1.0007064941681008,1
M4_N4_depolarizing_iid_p_d0.01000,4,4,depolarizing,iid_p,0.01,0.0075,0.9801495006249996,0.9777068536221658,0.0198504993749994,0.0223996611464384,1.1284180172640652,2
M4_N4_depolarizing_iid_p_d0.10000,4,4,depolarizing,iid_p,0.1,0.075,0.8145062499999998,0.7948408284023666,0.1854937499999995,0.2060720070901956,1.1109377382806496,2
M4_N4_depolarizing_iid_p_d0.50000,4,4,depolarizing,iid_p,0.5,0.375,0.31640625,0.2869897959183671,0.6835937499999998,0.7149941983207548,1.045934370114933,2
M4_N4_depolarizing_iid_p_d0.70000,4,4,depolarizing,iid_p,0.7,0.5249999999999999,0.1785062499999999,0.1614578512396693,0.8214937499999997,0.8401823567632528,1.0227495422372392,2
M4_N4_depolarizing_iid_p_d0.80000,4,4,depolarizing,iid_p,0.8,0.6000000000000001,0.1295999999999998,0.1190249999999998,0.8703999999999998,0.8823694599815657,1.013751677368527,2
M4_N4_depolarizing_iid_p_d0.90000,4,4,depolarizing,iid_p,0.9,0.675,0.0915062499999998,0.0867397502601456,0.9084937499999992,0.9144003797476764,1.0065015634369274,2
M4_N4_depolarizing_iid_p_d0.95000,4,4,depolarizing,iid_p,0.95,0.7124999999999999,0.075969140625,0.0737322800490459,0.9240308593749996,0.9272843611957492,1.003520988274082,2
M4_N4_depolarizing_iid_p_d0.99000,4,4,depolarizing,iid_p,0.99,0.7424999999999999,0.065037750625,0.0646148531197503,0.934962249375,0.9363066306330456,1.001437898972867,2
M4_N8_depolarizing_iid_p_d0.01000,4,8,depolarizing,iid_p,0.01,0.0075,0.9801495006249996,0.9764878138303672,0.0198504993749994,0.0236648266140827,1.1921527094621691,3
M4_N8_depolarizing_iid_p_d0.10000,4,8,depolarizing,iid_p,0.1,0.075,0.8145062499999998,0.7851868912152934,0.1854937499999995,0.2161017684458075,1.1650083544367835,3
M4_N8_depolarizing_iid_p_d0.50000,4,8,depolarizing,iid_p,0.5,0.375,0.31640625,0.2733236151603496,0.6835937499999998,0.729347123177841,1.0669306487630137,3
M4_N8_depolarizing_iid_p_d0.70000,4,8,depolarizing,iid_p,0.7,0.5249999999999999,0.1785062499999999,0.1535543200601051,0.8214937499999997,0.8486743954596779,1.0330868560590731,3
M4_N8_depolarizing_iid_p_d0.80000,4,8,depolarizing,iid_p,0.8,0.6000000000000001,0.1295999999999998,0.1140656249999998,0.8703999999999998,0.887873217563141,1.0200749282664765,3
M4_N8_depolarizing_iid_p_d0.90000,4,8,depolarizing,iid_p,0.9,0.675,0.0915062499999998,0.0844504313383236,0.9084937499999992,0.917202364604942,1.0095857727198925,3
M4_N8_depolarizing_iid_p_d0.95000,4,8,depolarizing,iid_p,0.95,0.7124999999999999,0.075969140625,0.0726386708992162,0.9240308593749996,0.928879927311182,1.005247733760171,3
M4_N8_depolarizing_iid_p_d0.99000,4,8,depolarizing,iid_p,0.99,0.7424999999999999,0.065037750625,0.0644044366709869,0.934962249375,0.9370128330586877,1.0021932261811195,3
M4_N16_depolarizing_iid_p_d0.01000,4,16,depolarizing,iid_p,0.01,0.0075,0.9801495006249996,0.9752702939808792,0.0198504993749994,0.0249245240895684,1.255611942990181,4
M4_N16_depolarizing_iid_p_d0.10000,4,16,depolarizing,iid_p,0.1,0.075,0.8145062499999998,0.7756502083260387,0.1854937499999995,0.2259698516041637,1.218207360647808,4
M4_N16_depolarizing_iid_p_d0.50000,4,16,depolarizing,iid_p,0.5,0.375,0.31640625,0.2603082049146187,0.6835937499999998,0.7428916626028134,1.0867443750075445,4
M4_N16_depolarizing_iid_p_d0.70000,4,16,depolarizing,iid_p,0.7,0.5249999999999999,0.1785062499999999,0.1460376750221979,0.8214937499999997,0.8566571087938979,1.042804170809453,4
M4_N16_depolarizing_iid_p_d0.80000,4,16,depolarizing,iid_p,0.8,0.6000000000000001,0.1295999999999998,0.1093128906249998,0.8703999999999998,0.893085199534055,1.0260629590235009,4
M4_N16_depolarizing_iid_p_d0.90000,4,16,depolarizing,iid_p,0.9,0.675,0.0915062499999998,0.0822215343235291,0.9084937499999992,0.9199083109346108,1.0125642701830493,4
M4_N16_depolarizing_iid_p_d0.95000,4,16,depolarizing,iid_p,0.95,0.7124999999999999,0.075969140625,0.0715612823378695,0.9240308593749996,0.9304537359432254,1.006950932972704,4
M4_N16_depolarizing_iid_p_d0.99000,4,16,depolarizing,iid_p,0.99,0.7424999999999999,0.065037750625,0.0641947054374608,0.934962249375,0.937740063705348,1.0029710443734012,4
M4_N32_depolarizing_iid_p_d0.01000,4,32,depolarizing,iid_p,0.01,0.0075,0.9801495006249996,0.97374975865316,0.0198504993749994,0.0266116673812162,1.3406044290619743,5
M4_N32_depolarizing_iid_p_d0.10000,4,32,depolarizing,iid_p,0.1,0.075,0.8145062499999998,0.7638602465597377,0.1854937499999995,0.2391240090109203,1.2891216497101436,5
M4_N32_depolarizing_iid_p_d0.50000,4,32,depolarizing,iid_p,0.5,0.375,0.31640625,0.2457793748728724,0.6835937499999998,0.759792890870133,1.1114684575014522,5
M4_N32_depolarizing_iid_p_d0.70000,4,32,depolarizing,iid_p,0.7,0.5249999999999999,0.1785062499999999,0.1384332870461049,0.8214937499999997,0.866091217434125,1.0542882613947158,5
M4_N32_depolarizing_iid_p_d0.80000,4,32,depolarizing,iid_p,0.8,0.6000000000000001,0.1295999999999998,0.1048075104553901,0.8703999999999998,0.8991528283092038,1.0330340398773024,5
M4_N32_depolarizing_iid_p_d0.90000,4,32,depolarizing,iid_p,0.9,0.675,0.0915062499999998,0.0802664589454886,0.9084937499999992,0.9232031630633024,1.0161909898260757,5
M4_N32_depolarizing_iid_p_d0.95000,4,32,depolarizing,iid_p,0.95,0.7124999999999999,0.075969140625,0.0706570197752204,0.9240308593749996,0.9326074079250636,1.009281668964893,5
M4_N32_depolarizing_iid_p_d0.99000,4,32,depolarizing,iid_p,0.99,0.7424999999999999,0.065037750625,0.064025248234382,0.934962249375,0.9390971808767364,1.0044225651939431,5
M4_N64_depolarizing_iid_p_d0.01000,4,64,depolarizing,iid_p,0.01,0.0075,0.9801495006249996,0.972231593978682,0.0198504993749994,0.0282803077497388,1.424664801398204,6
M4_N64_depolarizing_iid_p_d0.10000,4,64,depolarizing,iid_p,0.1,0.075,0.8145062499999998,0.7522494934070086,0.1854937499999995,0.2519112583728685,1.3580579311856555,6
M4_N64_depolarizing_iid_p_d0.50000,4,64,depolarizing,iid_p,0.5,0.375,0.31640625,0.2320614562753168,0.6835937499999998,0.7753022064688099,1.1341563706058022,6
M4_N64_depolarizing_iid_p_d0.70000,4,64,depolarizing,iid_p,0.7,0.5249999999999999,0.1785062499999999,0.1312248702910148,0.8214937499999997,0.8748004711691251,1.064889989934951,6
M4_N64_depolarizing_iid_p_d0.80000,4,64,depolarizing,iid_p,0.8,0.6000000000000001,0.1295999999999998,0.100487821564793,0.8703999999999998,0.9048769613721148,1.039610479517595,6
M4_N64_depolarizing_iid_p_d0.90000,4,64,depolarizing,iid_p,0.9,0.675,0.0915062499999998,0.0783578716288212,0.9084937499999992,0.9264588172742306,1.0197745634179998,6
M4_N64_depolarizing_iid_p_d0.95000,4,64,depolarizing,iid_p,0.95,0.7124999999999999,0.075969140625,0.0697641836537348,0.9240308593749996,0.9348318618247662,1.0116890062059962,6
M4_N64_depolarizing_iid_p_d0.99000,4,64,depolarizing,iid_p,0.99,0.7424999999999999,0.065037750625,0.0638562383539208,0.934962249375,0.9405912705138167,1.006020586545157,6
M4_N128_depolarizing_iid_p_d0.01000,4,128,depolarizing,iid_p,0.01,0.0075,0.9801495006249996,0.9707157962613792,0.0198504993749994,0.0299327414434682,1.50790873710546,7
M4_N128_depolarizing_iid_p_d0.10000,4,128,depolarizing,iid_p,0.1,0.075,0.8145062499999998,0.7408152248787652,0.1854937499999995,0.2643625066833279,1.4251828252074723,7
M4_N128_depolarizing_iid_p_d0.50000,4,128,depolarizing,iid_p,0.5,0.375,0.31640625,0.2191091889483224,0.6835937499999998,0.789583820473167,1.1550483316636049,7
M4_N128_depolarizing_iid_p_d0.70000,4,128,depolarizing,iid_p,0.7,0.5249999999999999,0.1785062499999999,0.1243918059762503,0.8214937499999997,0.8828562797921473,1.0746962831940567,7
M4_N128_depolarizing_iid_p_d0.80000,4,128,depolarizing,iid_p,0.8,0.6000000000000001,0.1295999999999998,0.0963461706032572,0.8703999999999998,0.9102765213635404,1.0458140181106854,7
M4_N128_depolarizing_iid_p_d0.90000,4,128,depolarizing,iid_p,0.9,0.675,0.0915062499999998,0.0764946669737686,0.9084937499999992,0.92966571953066,1.023304474610487,7
M4_N128_depolarizing_iid_p_d0.95000,4,128,depolarizing,iid_p,0.95,0.7124999999999999,0.075969140625,0.0688826295866347,0.9240308593749996,0.9371154073774254,1.0141602933166929,7
M4_N128_depolarizing_iid_p_d0.99000,4,128,depolarizing,iid_p,0.99,0.7424999999999999,0.065037750625,0.0636876746152629,0.934962249375,0.9422146282339596,1.0077568681129188,7
M4_N256_depolarizing_iid_p_d0.01000,4,256,depolarizing,iid_p,0.01,0.0075,0.9801495006249996,0.9692023618109508,0.0198504993749994,0.031570825270259,1.5904297757879364,8
M4_N256_depolarizing_iid_p_d0.10000,4,256,depolarizing,iid_p,0.1,0.075,0.8145062499999998,0.7295547583908315,0.1854937499999995,0.2765032082759138,1.4906335565263766,8
M4_N256_depolarizing_iid_p_d0.50000,4,256,depolarizing,iid_p,0.5,0.375,0.31640625,0.2068798388674858,0.6835937499999998,0.8027734255517109,1.1743428396642177,8
M4_N256_depolarizing_iid_p_d0.70000,4,256,depolarizing,iid_p,0.7,0.5249999999999999,0.1785062499999999,0.1179145489701627,0.8214937499999997,0.8903202572691228,1.083782143527109,8
M4_N256_depolarizing_iid_p_d0.80000,4,256,depolarizing,iid_p,0.8,0.6000000000000001,0.1295999999999998,0.0923752196571071,0.8703999999999998,0.9153685485322742,1.0516642331482933,8
M4_N256_depolarizing_iid_p_d0.90000,4,256,depolarizing,iid_p,0.9,0.675,0.0915062499999998,0.0746757658649258,0.9084937499999992,0.9328120558773226,1.0267677195108094,8
M4_N256_depolarizing_iid_p_d0.95000,4,256,depolarizing,iid_p,0.95,0.7124999999999999,0.075969140625,0.0680122150116425,0.9240308593749996,0.9394409118369584,1.0166769889832272,8
M4_N256_depolarizing_iid_p_d0.99000,4,256,depolarizing,iid_p,0.99,0.7424999999999999,0.065037750625,0.0635195558407105,0.934962249375,0.9439507786278108,1.0096137884270937,8
M4_N512_depolarizing_iid_p_d0.01000,4,512,depolarizing,iid_p,0.01,0.0075,0.9801495006249996,0.9673117909864896,0.0198504993749994,0.0337380811209132,1.6996086840719131,9
M4_N512_depolarizing_iid_p_d0.10000,4,512,depolarizing,iid_p,0.1,0.075,0.8145062499999998,0.7156381432591545,0.1854937499999995,0.2924797648177918,1.5767634479209816,9
M4_N512_depolarizing_iid_p_d0.50000,4,512,depolarizing,iid_p,0.5,0.375,0.31640625,0.194083417031833,0.6835937499999998,0.8179544950508156,1.1965505756171937,9
M4_N512_depolarizing_iid_p_d0.70000,4,512,depolarizing,iid_p,0.7,0.5249999999999999,0.1785062499999999,0.1121160752471826,0.8214937499999997,0.8979529017564885,1.0930733213204469,9
M4_N512_depolarizing_iid_p_d0.80000,4,512,depolarizing,iid_p,0.8,0.6000000000000001,0.1295999999999998,0.0891345939667642,0.8703999999999998,0.9202983989274308,1.0573281237677288,9
M4_N512_depolarizing_iid_p_d0.90000,4,512,depolarizing,iid_p,0.9,0.675,0.0915062499999998,0.0733316363422482,0.9084937499999992,0.9357715340567712,1.0300252853217449,9
M4_N512_depolarizing_iid_p_d0.95000,4,512,depolarizing,iid_p,0.95,0.7124999999999999,0.075969140625,0.0674011207431049,0.9240308593749996,0.9416505597628504,1.0190683029782883,9
M4_N512_depolarizing_iid_p_d0.99000,4,512,depolarizing,iid_p,0.99,0.7424999999999999,0.065037750625,0.0634063084981996,0.934962249375,0.9456565413239024,1.011438207217512,9
M4_N1024_depolarizing_iid_p_d0.01000,4,1024,depolarizing,iid_p,0.01,0.0075,0.9801495006249996,0.965424907996667,0.0198504993749994,0.0358747837993312,1.8072484284457528,10
M4_N1024_depolarizing_iid_p_d0.10000,4,1024,depolarizing,iid_p,0.1,0.075,0.8145062499999998,0.7019869943923407,0.1854937499999995,0.3078696739416545,1.6597307129844283,10
M4_N1024_depolarizing_iid_p_d0.50000,4,1024,depolarizing,iid_p,0.5,0.375,0.31640625,0.182078509790799,0.6835937499999998,0.8316980980721258,1.2166555034655102,10
M4_N1024_depolarizing_iid_p_d0.70000,4,1024,depolarizing,iid_p,0.7,0.5249999999999999,0.1785062499999999,0.1066027427371379,0.8214937499999997,0.9050524901494036,1.1017156127473933,10
M4_N1024_depolarizing_iid_p_d0.80000,4,1024,depolarizing,iid_p,0.8,0.6000000000000001,0.1295999999999998,0.0860076530384592,0.8703999999999998,0.9250360908362928,1.062771244067432,10
M4_N1024_depolarizing_iid_p_d0.90000,4,1024,depolarizing,iid_p,0.9,0.675,0.0915062499999998,0.0720117005342626,0.9084937499999992,0.9387578360938056,1.0333123767706782,10
M4_N1024_depolarizing_iid_p_d0.95000,4,1024,depolarizing,iid_p,0.95,0.7124999999999999,0.075969140625,0.0667955171971526,0.9240308593749996,0.9439559834524132,1.0215632669355768,10
M4_N1024_depolarizing_iid_p_d0.99000,4,1024,depolarizing,iid_p,0.99,0.7424999999999999,0.065037750625,0.0632932630613918,0.934962249375,0.9474972484373504,1.0134069574153712,10
M5_N2_depolarizing_iid_p_d0.01000,5,2,depolarizing,iid_p,0.01,0.0075,0.9752487531218748,0.97403277817749,0.0247512468781243,0.0260141740305007,1.0510247891185056,1
M5_N2_depolarizing_iid_p_d0.10000,5,2,depolarizing,iid_p,0.1,0.075,0.7737809374999998,0.7643827884615378,0.2262190624999994,0.235998320109664,1.0432291492219607,1
M5_N2_depolarizing_iid_p_d0.50000,5,2,depolarizing,iid_p,0.5,0.375,0.2373046875,0.226004464285714,0.7626953124999996,0.7745860413408324,1.015590405035868,1
M5_N2_depolarizing_iid_p_d0.70000,5,2,depolarizing,iid_p,0.7,0.5249999999999999,0.1160290624999999,0.1103493181818181,0.8839709374999996,0.8900247641458026,1.0068484453379476,1
M5_N2_depolarizing_iid_p_d0.80000,5,2,depolarizing,iid_p,0.8,0.6000000000000001,0.0777599999999998,0.0745199999999998,0.9222399999999996,0.9257475699664603,1.0038033158033275,1
M5_N2_depolarizing_iid_p_d0.90000,5,2,depolarizing,iid_p,0.9,0.675,0.0503284374999999,0.0490001209677418,0.9496715624999992,0.9511774430837712,1.0015856856656924,1
M5_N2_depolarizing_iid_p_d0.95000,5,2,depolarizing,iid_p,0.95,0.7124999999999999,0.039883798828125,0.0392922358478483,0.9601162011718742,0.9608480901635924,1.0007622920963366,1
M5_N2_depolarizing_iid_p_d0.99000,5,2,depolarizing,iid_p,0.99,0.7424999999999999,0.032844064065625,0.0327371082963247,0.9671559359343744,0.9673773239205766,1.0002289061959675,1
M5_N4_depolarizing_iid_p_d0.01000,5,4,depolarizing,iid_p,0.01,0.0075,0.9752487531218748,0.9728183193540552,0.0247512468781243,0.0272718391593426,1.101836981935888,2
M5_N4_depolarizing_iid_p_d0.10000,5,4,depolarizing,iid_p,0.1,0.075,0.7737809374999998,0.7550987869822481,0.2262190624999994,0.2456219986504631,1.085770562109299,2
M5_N4_depolarizing_iid_p_d0.50000,5,4,depolarizing,iid_p,0.5,0.375,0.2373046875,0.2152423469387752,0.7626953124999996,0.7858213762667855,1.0303214971794992,2
M5_N4_depolarizing_iid_p_d0.70000,5,4,depolarizing,iid_p,0.7,0.5249999999999999,0.1160290624999999,0.1049476033057851,0.8839709374999996,0.895732913235723,1.013305839860514,2
M5_N4_depolarizing_iid_p_d0.80000,5,4,depolarizing,iid_p,0.8,0.6000000000000001,0.0777599999999998,0.0714149999999998,0.9222399999999996,0.9290836532836644,1.0074206858124404,2
M5_N4_depolarizing_iid_p_d0.90000,5,4,depolarizing,iid_p,0.9,0.675,0.0503284374999999,0.04770686264308,0.9496715624999992,0.9526389276595888,1.0031246225292647,2
M5_N4_depolarizing_iid_p_d0.95000,5,4,depolarizing,iid_p,0.95,0.7124999999999999,0.039883798828125,0.0387094470257491,0.9601162011718742,0.9615725938123504,1.0015168920581683,2
M5_N4_depolarizing_iid_p_d0.99000,5,4,depolarizing,iid_p,0.99,0.7424999999999999,0.032844064065625,0.0326305008254739,0.9671559359343744,0.9676066909592104,1.0004660624084372,2
M5_N8_depolarizing_iid_p_d0.01000,5,8,depolarizing,iid_p,0.01,0.0075,0.9752487531218748,0.9716053747612154,0.0247512468781243,0.0285246692050605,1.152453827700744,3
M5_N8_depolarizing_iid_p_d0.10000,5,8,depolarizing,iid_p,0.1,0.075,0.7737809374999998,0.7459275466545283,0.2262190624999994,0.2550963388418495,1.127651825724678,3
M5_N8_depolarizing_iid_p_d0.50000,5,8,depolarizing,iid_p,0.5,0.375,0.2373046875,0.2049927113702622,0.7626953124999996,0.7964457542961687,1.0442515395637353,3
M5_N8_depolarizing_iid_p_d0.70000,5,8,depolarizing,iid_p,0.7,0.5249999999999999,0.1160290624999999,0.0998103080390683,0.8839709374999996,0.9011188185372728,1.0193986932260128,3
M5_N8_depolarizing_iid_p_d0.80000,5,8,depolarizing,iid_p,0.8,0.6000000000000001,0.0777599999999998,0.0684393749999998,0.9222399999999996,0.932257942032232,1.0108626193097594,3
M5_N8_depolarizing_iid_p_d0.90000,5,8,depolarizing,iid_p,0.9,0.675,0.0503284374999999,0.0464477372360779,0.9496715624999992,0.9540573547268044,1.0046182200246785,3
M5_N8_depolarizing_iid_p_d0.95000,5,8,depolarizing,iid_p,0.95,0.7124999999999999,0.039883798828125,0.0381353022220885,0.9601162011718742,0.9622897694157512,1.0022638595632736,3
M5_N8_depolarizing_iid_p_d0.99000,5,8,depolarizing,iid_p,0.99,0.7424999999999999,0.032844064065625,0.0325242405188484,0.9671559359343744,0.9678443203624532,1.0007117615707064,3
M5_N16_depolarizing_iid_p_d0.01000,5,16,depolarizing,iid_p,0.01,0.0075,0.9752487531218748,0.9703939425109748,0.0247512468781243,0.0297730275213222,1.2028900066297763,4
M5_N16_depolarizing_iid_p_d0.10000,5,16,depolarizing,iid_p,0.1,0.075,0.7737809374999998,0.7368676979097368,0.2262190624999994,0.2644268566039394,1.1688973231596695,4
M5_N16_depolarizing_iid_p_d0.50000,5,16,depolarizing,iid_p,0.5,0.375,0.2373046875,0.1952311536859639,0.7626953124999996,0.8064994084047942,1.0574332832349675,4
M5_N16_depolarizing_iid_p_d0.70000,5,16,depolarizing,iid_p,0.7,0.5249999999999999,0.1160290624999999,0.0949244887644286,0.8839709374999996,0.9062038536419276,1.0251511845002574,4
M5_N16_depolarizing_iid_p_d0.80000,5,16,depolarizing,iid_p,0.8,0.6000000000000001,0.0777599999999998,0.0655877343749998,0.9222399999999996,0.935279444118146,1.0141388837158944,4
M5_N16_depolarizing_iid_p_d0.90000,5,16,depolarizing,iid_p,0.9,0.675,0.0503284374999999,0.045221843877941,0.9496715624999992,0.9554340041035284,1.0060678257948037,4
M5_N16_depolarizing_iid_p_d0.95000,5,16,depolarizing,iid_p,0.95,0.7124999999999999,0.039883798828125,0.0375696732273815,0.9601162011718742,0.962999630709106,1.0030032089175376,4
M5_N16_depolarizing_iid_p_d0.99000,5,16,depolarizing,iid_p,0.99,0.7424999999999999,0.032844064065625,0.0324183262459177,0.9671559359343744,0.9680904150795884,1.0009662135241004,4
M5_N32_depolarizing_iid_p_d0.01000,5,32,depolarizing,iid_p,0.01,0.0075,0.9752487531218748,0.9691840207176904,0.0247512468781243,0.031017225600717,1.2531581036481303,5
M5_N32_depolarizing_iid_p_d0.10000,5,32,depolarizing,iid_p,0.1,0.075,0.7737809374999998,0.727917887813667,0.2262190624999994,0.2736184702048317,1.2095287955887113,5
M5_N32_depolarizing_iid_p_d0.50000,5,32,depolarizing,iid_p,0.5,0.375,0.2373046875,0.1859344320818704,0.7626953124999996,0.8160189351653232,1.0699147114075436,5
M5_N32_depolarizing_iid_p_d0.70000,5,32,depolarizing,iid_p,0.7,0.5249999999999999,0.1160290624999999,0.0902778354682677,0.8839709374999996,0.9110075741343572,1.0305854361126636,5
M5_N32_depolarizing_iid_p_d0.80000,5,32,depolarizing,iid_p,0.8,0.6000000000000001,0.0777599999999998,0.0628549121093749,0.9222399999999996,0.938156546333498,1.0172585729674473,5
M5_N32_depolarizing_iid_p_d0.90000,5,32,depolarizing,iid_p,0.9,0.675,0.0503284374999999,0.0440283054764704,0.9496715624999992,0.9567701010198012,1.0074747300015123,5
M5_N32_depolarizing_iid_p_d0.95000,5,32,depolarizing,iid_p,0.95,0.7124999999999999,0.039883798828125,0.0370124337337669,0.9601162011718742,0.9637021475441976,1.003734908720368,5
M5_N32_depolarizing_iid_p_d0.99000,5,32,depolarizing,iid_p,0.99,0.7424999999999999,0.032844064065625,0.0323127568798328,0.9671559359343744,0.9683450823573414,1.0012295291573825,5
M5_N64_depolarizing_iid_p_d0.01000,5,64,depolarizing,iid_p,0.01,0.0075,0.9752487531218748,0.967672974445024,0.0247512468781243,0.0326682734179424,1.31986374580649,6
M5_N64_depolarizing_iid_p_d0.10000,5,64,depolarizing,iid_p,0.1,0.075,0.7737809374999998,0.7168534621560614,0.2262190624999994,0.2857296481669374,1.2630661846498374,6
M5_N64_depolarizing_iid_p_d0.50000,5,64,depolarizing,iid_p,0.5,0.375,0.2373046875,0.175556696337766,0.7626953124999996,0.8275435867274985,1.08502513803964,6
M5_N64_depolarizing_iid_p_d0.70000,5,64,depolarizing,iid_p,0.7,0.5249999999999999,0.1160290624999999,0.0855769410830467,0.8839709374999996,0.9164042266742024,1.0366904473872514,6
M5_N64_depolarizing_iid_p_d0.80000,5,64,depolarizing,iid_p,0.8,0.6000000000000001,0.0777599999999998,0.0602643185118493,0.9222399999999996,0.9412798155387728,1.02064518513486,6
M5_N64_depolarizing_iid_p_d0.90000,5,64,depolarizing,iid_p,0.9,0.675,0.0503284374999999,0.0429813941450035,0.9496715624999992,0.9582323595709036,1.0090144818576732,6
M5_N64_depolarizing_iid_p_d0.95000,5,64,depolarizing,iid_p,0.95,0.7124999999999999,0.039883798828125,0.0365447372771837,0.9601162011718742,0.9645416026200728,1.0046092352600624,6
M5_N64_depolarizing_iid_p_d0.99000,5,64,depolarizing,iid_p,0.99,0.7424999999999999,0.032844064065625,0.0322274596677449,0.9671559359343744,0.968773562792419,1.0016725605436951,6
M5_N128_depolarizing_iid_p_d0.01000,5,128,depolarizing,iid_p,0.01,0.0075,0.9752487531218748,0.9661642840312964,0.0247512468781243,0.0343053856514709,1.3860063624427237,7
M5_N128_depolarizing_iid_p_d0.10000,5,128,depolarizing,iid_p,0.1,0.075,0.7737809374999998,0.7059572168896543,0.2262190624999994,0.297542678894989,1.3152856156628698,7
M5_N128_depolarizing_iid_p_d0.50000,5,128,depolarizing,iid_p,0.5,0.375,0.2373046875,0.1657581830537977,0.7626953124999996,0.8382231571006586,1.0990275452894689,7
M5_N128_depolarizing_iid_p_d0.70000,5,128,depolarizing,iid_p,0.7,0.5249999999999999,0.1160290624999999,0.0811208289071728,0.8839709374999996,0.921446845424723,1.042394954782915,7
M5_N128_depolarizing_iid_p_d0.80000,5,128,depolarizing,iid_p,0.8,0.6000000000000001,0.0777599999999998,0.057780497399756,0.9222399999999996,0.9442583000514516,1.02387480487883,7
M5_N128_depolarizing_iid_p_d0.90000,5,128,depolarizing,iid_p,0.9,0.675,0.0503284374999999,0.0419593764205945,0.9496715624999992,0.9596866309148736,1.0105458232196716,7
M5_N128_depolarizing_iid_p_d0.95000,5,128,depolarizing,iid_p,0.95,0.7124999999999999,0.039883798828125,0.0360829507258251,0.9601162011718742,0.965413270386302,1.0055171126244538,7
M5_N128_depolarizing_iid_p_d0.99000,5,128,depolarizing,iid_p,0.99,0.7424999999999999,0.032844064065625,0.0321423876179486,0.9671559359343744,0.9692542557398588,1.002169577549516,7
M5_N256_depolarizing_iid_p_d0.01000,5,256,depolarizing,iid_p,0.01,0.0075,0.9752487531218748,0.9646579458035076,0.0247512468781243,0.0359299578088057,1.4516423348579404,8
M5_N256_depolarizing_iid_p_d0.10000,5,256,depolarizing,iid_p,0.1,0.075,0.7737809374999998,0.6952265956554566,0.2262190624999994,0.30907696779063,1.3662728700886149,8
M5_N256_depolarizing_iid_p_d0.50000,5,256,depolarizing,iid_p,0.5,0.375,0.2373046875,0.1565065635345159,0.7626953124999996,0.8481389658395647,1.1120285544426565,8
M5_N256_depolarizing_iid_p_d0.70000,5,256,depolarizing,iid_p,0.7,0.5249999999999999,0.1160290624999999,0.0768967527853183,0.8839709374999996,0.9261622949973672,1.047729349130743,8
M5_N256_depolarizing_iid_p_d0.80000,5,256,depolarizing,iid_p,0.8,0.6000000000000001,0.0777599999999998,0.0553990480968729,0.9222399999999996,0.947098282379028,1.0269542444255602,8
M5_N256_depolarizing_iid_p_d0.90000,5,256,depolarizing,iid_p,0.9,0.675,0.0503284374999999,0.0409616603795018,0.9496715624999992,0.9611321845644624,1.012067984887631,8
M5_N256_depolarizing_iid_p_d0.95000,5,256,depolarizing,iid_p,0.95,0.7124999999999999,0.039883798828125,0.0356269994009561,0.9601162011718742,0.9663176480569134,1.0064590586821367,8
M5_N256_depolarizing_iid_p_d0.99000,5,256,depolarizing,iid_p,0.99,0.7424999999999999,0.032844064065625,0.0320575401360747,0.9671559359343744,0.9697903262669352,1.0027238527259987,8
M5_N512_depolarizing_iid_p_d0.01000,5,512,depolarizing,iid_p,0.01,0.0075,0.9752487531218748,0.9631539560943864,0.0247512468781243,0.0375431591922498,1.516818905209626,9
M5_N512_depolarizing_iid_p_d0.10000,5,512,depolarizing,iid_p,0.1,0.075,0.7737809374999998,0.6846590809513957,0.2262190624999994,0.3203491391362664,1.4161014354670802,9
M5_N512_depolarizing_iid_p_d0.50000,5,512,depolarizing,iid_p,0.5,0.375,0.2373046875,0.1477713134767755,0.7626953124999996,0.8573613332186629,1.1241203651932283,9
M5_N512_depolarizing_iid_p_d0.70000,5,512,depolarizing,iid_p,0.7,0.5249999999999999,0.1160290624999999,0.0728926302724642,0.8839709374999996,0.9305748150135252,1.052721051718429,9
M5_N512_depolarizing_iid_p_d0.80000,5,512,depolarizing,iid_p,0.8,0.6000000000000001,0.0777599999999998,0.0531157513028366,0.9222399999999996,0.9498054526352352,1.029889673658956,9
M5_N512_depolarizing_iid_p_d0.90000,5,512,depolarizing,iid_p,0.9,0.675,0.0503284374999999,0.0399876681728312,0.9496715624999992,0.9625672975546667,1.0135791525869424,9
M5_N512_depolarizing_iid_p_d0.95000,5,512,depolarizing,iid_p,0.95,0.7124999999999999,0.039883798828125,0.035176809567497,0.9601162011718742,0.9672536709546626,1.0074339645285402,9
M5_N512_depolarizing_iid_p_d0.99000,5,512,depolarizing,iid_p,0.99,0.7424999999999999,0.032844064065625,0.0319729166293224,0.9671559359343744,0.970383035012308,1.0033366895223734,9
M5_N1024_depolarizing_iid_p_d0.01000,5,1024,depolarizing,iid_p,0.01,0.0075,0.9752487531218748,0.9616523112423768,0.0247512468781243,0.0391459789574369,1.5815760373686436,10
M5_N1024_depolarizing_iid_p_d0.10000,5,1024,depolarizing,iid_p,0.1,0.075,0.7737809374999998,0.6742521935416851,0.2262190624999994,0.331373594303923,1.4648349729763546,10
M5_N1024_depolarizing_iid_p_d0.50000,5,1024,depolarizing,iid_p,0.5,0.375,0.2373046875,0.1395236122594671,0.7626953124999996,0.8659515979795683,1.135383401192162,10
M5_N1024_depolarizing_iid_p_d0.70000,5,1024,depolarizing,iid_p,0.7,0.5249999999999999,0.1160290624999999,0.0690970080735661,0.8839709374999996,0.934706368407166,1.0573949083107343,10
M5_N1024_depolarizing_iid_p_d0.80000,5,1024,depolarizing,iid_p,0.8,0.6000000000000001,0.0777599999999998,0.0509265616176542,0.9222399999999996,0.9523849936996536,1.0326867124605896,10
M5_N1024_depolarizing_iid_p_d0.90000,5,1024,depolarizing,iid_p,0.9,0.675,0.0503284374999999,0.0390368356918617,0.9496715624999992,0.9639892017194758,1.015076411450908,10
M5_N1024_depolarizing_iid_p_d0.95000,5,1024,depolarizing,iid_p,0.95,0.7124999999999999,0.039883798828125,0.0347323084220992,0.9601162011718742,0.9682183767761212,1.0084387448043872,10
M5_N1024_depolarizing_iid_p_d0.99000,5,1024,depolarizing,iid_p,0.99,0.7424999999999999,0.032844064065625,0.0318885165064563,0.9671559359343744,0.9710310085016738,1.0040066678219324,10
M6_N2_depolarizing_iid_p_d0.01000,6,2,depolarizing,iid_p,0.01,0.0075,0.9703725093562648,0.9691626142866026,0.0296274906437336,0.0308777918081613,1.0422007108014089,1
M6_N2_depolarizing_iid_p_d0.10000,6,2,depolarizing,iid_p,0.1,0.075,0.735091890625,0.7261636490384608,0.2649081093749995,0.2741422058856103,1.0348577343758818,1
M6_N2_depolarizing_iid_p_d0.50000,6,2,depolarizing,iid_p,0.5,0.375,0.177978515625,0.1695033482142855,0.8220214843750004,0.8308163804581467,1.0106991073230076,1
M6_N2_depolarizing_iid_p_d0.70000,6,2,depolarizing,iid_p,0.7,0.5249999999999999,0.0754188906249999,0.0717270568181818,0.9245811093749992,0.9284286290460408,1.0041613652193722,1
M6_N2_depolarizing_iid_p_d0.80000,6,2,depolarizing,iid_p,0.8,0.6000000000000001,0.0466559999999999,0.0447119999999998,0.9533439999999996,0.9553835841572782,1.0021394000038584,1
M6_N2_depolarizing_iid_p_d0.90000,6,2,depolarizing,iid_p,0.9,0.675,0.0276806406249999,0.026950066532258,0.9723193593749996,0.9731034957575146,1.0008064597037534,1
M6_N2_depolarizing_iid_p_d0.95000,6,2,depolarizing,iid_p,0.95,0.7124999999999999,0.0209389943847656,0.0206284238201203,0.9790610056152336,0.9794102093628516,1.0003566721027757,1
M6_N2_depolarizing_iid_p_d0.99000,6,2,depolarizing,iid_p,0.99,0.7424999999999999,0.0165862523531406,0.016532239689644,0.9834137476468588,0.9834969395686616,1.0000845950364248,1
M6_N4_depolarizing_iid_p_d0.01000,6,4,depolarizing,iid_p,0.01,0.0075,0.9703725093562648,0.9679542277572846,0.0296274906437336,0.0321237668083364,1.084255403018102,2
M6_N4_depolarizing_iid_p_d0.10000,6,4,depolarizing,iid_p,0.1,0.075,0.735091890625,0.7173438476331362,0.2649081093749995,0.2832374959990747,1.069191489333112,2
M6_N4_depolarizing_iid_p_d0.50000,6,4,depolarizing,iid_p,0.5,0.375,0.177978515625,0.1614317602040815,0.8220214843750004,0.8391461589750914,1.020832392979499,2
M6_N4_depolarizing_iid_p_d0.70000,6,4,depolarizing,iid_p,0.7,0.5249999999999999,0.0754188906249999,0.0682159421487603,0.9245811093749992,0.9320682016839484,1.0080978209840457,2
M6_N4_depolarizing_iid_p_d0.80000,6,4,depolarizing,iid_p,0.8,0.6000000000000001,0.0466559999999999,0.0428489999999999,0.9533439999999996,0.9573297740410468,1.0041808350826638,2
M6_N4_depolarizing_iid_p_d0.90000,6,4,depolarizing,iid_p,0.9,0.675,0.0276806406249999,0.026238774453694,0.9723193593749996,0.9738659679395212,1.0015906384559865,2
M6_N4_depolarizing_iid_p_d0.95000,6,4,depolarizing,iid_p,0.95,0.7124999999999999,0.0209389943847656,0.0203224596885183,0.9790610056152336,0.9797555397336812,1.0007093879895783,2
M6_N4_depolarizing_iid_p_d0.99000,6,4,depolarizing,iid_p,0.99,0.7424999999999999,0.0165862523531406,0.0164784029168643,0.9834137476468588,0.9835823698323218,1.0001714661665717,2
M6_N8_depolarizing_iid_p_d0.01000,6,8,depolarizing,iid_p,0.01,0.0075,0.9703725093562648,0.9667473478874092,0.0296274906437336,0.0333656955313612,1.1261735235217525,3
M6_N8_depolarizing_iid_p_d0.10000,6,8,depolarizing,iid_p,0.1,0.075,0.735091890625,0.7086311693218017,0.2649081093749995,0.2921984480067369,1.1030181321973258,3
M6_N8_depolarizing_iid_p_d0.50000,6,8,depolarizing,iid_p,0.5,0.375,0.177978515625,0.1537445335276966,0.8220214843750004,0.8470394144658864,1.0304346426053663,3
M6_N8_depolarizing_iid_p_d0.70000,6,8,depolarizing,iid_p,0.7,0.5249999999999999,0.0754188906249999,0.0648767002253943,0.9245811093749992,0.935512417610314,1.011822984619169,3
M6_N8_depolarizing_iid_p_d0.80000,6,8,depolarizing,iid_p,0.8,0.6000000000000001,0.0466559999999999,0.0410636249999999,0.9533439999999996,0.9591872322080924,1.0061291959755267,3
M6_N8_depolarizing_iid_p_d0.90000,6,8,depolarizing,iid_p,0.9,0.675,0.0276806406249999,0.0255462554798428,0.9723193593749996,0.9746073944631044,1.0023531724078554,3
M6_N8_depolarizing_iid_p_d0.95000,6,8,depolarizing,iid_p,0.95,0.7124999999999999,0.0209389943847656,0.0200210336665964,0.9790610056152336,0.9800970926419096,1.0010582456258943,3
M6_N8_depolarizing_iid_p_d0.99000,6,8,depolarizing,iid_p,0.99,0.7424999999999999,0.0165862523531406,0.0164247414620184,0.9834137476468588,0.9836702010502972,1.00026077874552,3
M6_N16_depolarizing_iid_p_d0.01000,6,16,depolarizing,iid_p,0.01,0.0075,0.9703725093562648,0.9655419727984202,0.0296274906437336,0.0346038216259324,1.1679632960495518,4
M6_N16_depolarizing_iid_p_d0.10000,6,16,depolarizing,iid_p,0.1,0.075,0.735091890625,0.7000243130142497,0.2649081093749995,0.3010291127602904,1.136352954503777,4
M6_N16_depolarizing_iid_p_d0.50000,6,16,depolarizing,iid_p,0.5,0.375,0.177978515625,0.1464233652644728,0.8220214843750004,0.8545224511086147,1.039537855580898,4
M6_N16_depolarizing_iid_p_d0.70000,6,16,depolarizing,iid_p,0.7,0.5249999999999999,0.0754188906249999,0.0617009176968786,0.9245811093749992,0.938772945623498,1.015349476757201,4
M6_N16_depolarizing_iid_p_d0.80000,6,16,depolarizing,iid_p,0.8,0.6000000000000001,0.0466559999999999,0.0393526406249999,0.9533439999999996,0.9609603517517928,1.0079890907707951,4
M6_N16_depolarizing_iid_p_d0.90000,6,16,depolarizing,iid_p,0.9,0.675,0.0276806406249999,0.0248720141328675,0.9723193593749996,0.9753283713274704,1.0030946745258729,4
M6_N16_depolarizing_iid_p_d0.95000,6,16,depolarizing,iid_p,0.95,0.7124999999999999,0.0209389943847656,0.0197240784443752,0.9790610056152336,0.9804349552770456,1.001403334065939,4
M6_N16_depolarizing_iid_p_d0.99000,6,16,depolarizing,iid_p,0.99,0.7424999999999999,0.0165862523531406,0.0163712547541884,0.9834137476468588,0.9837605921330091,1.000352694363873,4
M6_N32_depolarizing_iid_p_d0.01000,6,32,depolarizing,iid_p,0.01,0.0075,0.9703725093562648,0.9643381006141016,0.0296274906437336,0.03583835834229,1.2096319183167157,5
M6_N32_depolarizing_iid_p_d0.10000,6,32,depolarizing,iid_p,0.1,0.075,0.735091890625,0.6915219934229835,0.2649081093749995,0.3097331866320311,1.1692099096656112,5
M6_N32_depolarizing_iid_p_d0.50000,6,32,depolarizing,iid_p,0.5,0.375,0.177978515625,0.1394508240614028,0.8220214843750004,0.86161953705884,1.0481715544380774,5
M6_N32_depolarizing_iid_p_d0.70000,6,32,depolarizing,iid_p,0.7,0.5249999999999999,0.0754188906249999,0.058680593054374,0.9245811093749992,0.9418606193954754,1.0186890147822258,5
M6_N32_depolarizing_iid_p_d0.80000,6,32,depolarizing,iid_p,0.8,0.6000000000000001,0.0466559999999999,0.0377129472656249,0.9533439999999996,0.9626532754602168,1.009764865001738,5
M6_N32_depolarizing_iid_p_d0.90000,6,32,depolarizing,iid_p,0.9,0.675,0.0276806406249999,0.0242155680120587,0.9723193593749996,0.9760294728448272,1.0038157354721524,5
M6_N32_depolarizing_iid_p_d0.95000,6,32,depolarizing,iid_p,0.95,0.7124999999999999,0.0209389943847656,0.0194315277102276,0.9790610056152336,0.9807692049767964,1.0017447323014257,5
M6_N32_depolarizing_iid_p_d0.99000,6,32,depolarizing,iid_p,0.99,0.7424999999999999,0.0165862523531406,0.0163179422243155,0.9834137476468588,0.9838536941702372,1.0004473666596905,5
M6_N64_depolarizing_iid_p_d0.01000,6,64,depolarizing,iid_p,0.01,0.0075,0.9703725093562648,0.9631357294605792,0.0296274906437336,0.037069493258038,1.2511857215244238,6
M6_N64_depolarizing_iid_p_d0.10000,6,64,depolarizing,iid_p,0.1,0.075,0.735091890625,0.6831229408712878,0.2649081093749995,0.3183140628093764,1.201601806605234,6
M6_N64_depolarizing_iid_p_d0.50000,6,64,depolarizing,iid_p,0.5,0.375,0.177978515625,0.1328103086299074,0.8220214843750004,0.8683531213057405,1.056363048668937,6
M6_N64_depolarizing_iid_p_d0.70000,6,64,depolarizing,iid_p,0.7,0.5249999999999999,0.0754188906249999,0.0558081164712928,0.9245811093749992,0.9447855135133744,1.0218524950742645,6
M6_N64_depolarizing_iid_p_d0.80000,6,64,depolarizing,iid_p,0.8,0.6000000000000001,0.0466559999999999,0.0361415744628905,0.9533439999999996,0.964269913259326,1.0114606199434055,6
M6_N64_depolarizing_iid_p_d0.90000,6,64,depolarizing,iid_p,0.9,0.675,0.0276806406249999,0.0235764474486906,0.9723193593749996,0.976711252500338,1.0045169244888446,6
M6_N64_depolarizing_iid_p_d0.95000,6,64,depolarizing,iid_p,0.95,0.7124999999999999,0.0209389943847656,0.0191433161360712,0.9790610056152336,0.9810999081685602,1.0020825081804228,6
M6_N64_depolarizing_iid_p_d0.99000,6,64,depolarizing,iid_p,0.99,0.7424999999999999,0.0165862523531406,0.0162648033051942,0.9834137476468588,0.9839496458068914,1.0005449366162664,6
M6_N128_depolarizing_iid_p_d0.01000,6,128,depolarizing,iid_p,0.01,0.0075,0.9703725093562648,0.9616341130255552,0.029627490643733663,0.03869150639891953,1.3059326172499508,7
